load_cpucore,load_min1,load_min5,load_min15,memswap_used,memswap_percent,memswap_free,memswap_sout,memswap_total,memswap_sin,network_lo_cumulative_cx,network_lo_time_since_update,network_lo_cx,network_lo_cumulative_tx,network_lo_tx,network_lo_cumulative_rx,network_lo_interface_name,network_lo_rx,network_lo_key,network_eth0_cumulative_cx,network_eth0_time_since_update,network_eth0_cx,network_eth0_cumulative_tx,network_eth0_tx,network_eth0_cumulative_rx,network_eth0_interface_name,network_eth0_rx,network_eth0_key,percpu_0_cpu_number,percpu_0_guest_nice,percpu_0_softirq,percpu_0_iowait,percpu_0_system,percpu_0_guest,percpu_0_idle,percpu_0_user,percpu_0_key,percpu_0_irq,percpu_0_total,percpu_0_steal,percpu_0_nice,percpu_1_cpu_number,percpu_1_guest_nice,percpu_1_softirq,percpu_1_iowait,percpu_1_system,percpu_1_guest,percpu_1_idle,percpu_1_user,percpu_1_key,percpu_1_irq,percpu_1_total,percpu_1_steal,percpu_1_nice,system_os_name,system_os_version,system_linux_distro,system_hostname,system_platform,system_hr_name,diskio_sr0_key,diskio_sr0_time_since_update,diskio_sr0_read_bytes,diskio_sr0_write_bytes,diskio_sr0_disk_name,diskio_sda5_key,diskio_sda5_time_since_update,diskio_sda5_read_bytes,diskio_sda5_write_bytes,diskio_sda5_disk_name,diskio_sda2_key,diskio_sda2_time_since_update,diskio_sda2_read_bytes,diskio_sda2_write_bytes,diskio_sda2_disk_name,diskio_sda1_key,diskio_sda1_time_since_update,diskio_sda1_read_bytes,diskio_sda1_write_bytes,diskio_sda1_disk_name,fs_/_mnt_point,fs_/_fs_type,fs_/_free,fs_/_key,fs_/_size,fs_/_percent,fs_/_used,fs_/_device_name,mem_available,mem_used,mem_cached,mem_percent,mem_free,mem_inactive,mem_active,mem_total,mem_buffers,processcount_running,processcount_total,processcount_thread,processcount_sleeping,cpu_softirq,cpu_iowait,cpu_system,cpu_guest,cpu_idle,cpu_user,cpu_guest_nice,cpu_irq,cpu_total,cpu_steal,cpu_nice
2,0.04,0.03,0.02,0,0.0,2145382400,0,2145382400,0,23886,5.041449069976807,0,11943,0,11943,lo,0,interface_name,4704034,5.041449069976807,496,4632359,0,71675,eth0,496,interface_name,0,0.0,0.0,0.0,0.2,0.0,99.4,0.4,cpu_number,0.0,0.6,0.0,0.0,1,0.0,0.0,0.0,0.4,0.0,99.0,0.6,cpu_number,0.0,1.0,0.0,0.0,Linux,3.16.0-30-generic,Ubuntu 14.04,rabbitmqserver,64bit,Ubuntu 14.04 64bit,disk_name,5.040992975234985,0,0,sr0,disk_name,5.040992975234985,0,0,sda5,disk_name,5.040992975234985,0,0,sda2,disk_name,5.040992975234985,0,16384,sda1,/,ext4,824004608,mnt_point,6206062592,86.7,5382057984,/dev/sda1,1969307648,129540096,72155136,6.2,1969307648,32161792,126988288,2098847744,11821056,1,98,137,97,0.0,0.1,0.2,0.0,99.3,0.4,0.0,0.0,0.7,0.0,0.0
2,0.03,0.03,0.02,0,0.0,2145382400,0,2145382400,0,23886,5.045170068740845,0,11943,0,11943,lo,0,interface_name,4784598,5.045170068740845,80564,4672452,40093,112146,eth0,40471,interface_name,0,0.0,0.0,0.0,0.0,0.0,99.4,0.6,cpu_number,0.0,0.6,0.0,0.0,1,0.0,0.0,0.0,0.0,0.0,99.4,0.6,cpu_number,0.0,0.6,0.0,0.0,Linux,3.16.0-30-generic,Ubuntu 14.04,rabbitmqserver,64bit,Ubuntu 14.04 64bit,disk_name,5.0451531410217285,0,0,sr0,disk_name,5.0451531410217285,0,0,sda5,disk_name,5.0451531410217285,0,0,sda2,disk_name,5.0451531410217285,0,57344,sda1,/,ext4,824004608,mnt_point,6206062592,86.7,5382057984,/dev/sda1,1969156096,129691648,72163328,6.2,1969156096,32157696,127090688,2098847744,11821056,1,98,137,97,0.0,0.0,0.2,0.0,99.2,0.6,0.0,0.0,0.8,0.0,0.0
2,0.03,0.03,0.02,0,0.0,2145382400,0,2145382400,0,25016,5.043081998825073,1130,12508,565,12508,lo,565,interface_name,6454774,5.043081998825073,1670176,6027236,1354784,427538,eth0,315392,interface_name,0,0.0,0.4,1.4,0.4,0.0,97.0,0.8,cpu_number,0.0,3.0,0.0,0.0,1,0.0,0.0,0.0,0.2,0.0,98.6,1.2,cpu_number,0.0,1.4,0.0,0.0,Linux,3.16.0-30-generic,Ubuntu 14.04,rabbitmqserver,64bit,Ubuntu 14.04 64bit,disk_name,5.043099880218506,0,0,sr0,disk_name,5.043099880218506,0,0,sda5,disk_name,5.043099880218506,0,0,sda2,disk_name,5.043099880218506,0,16384,sda1,/,ext4,824000512,mnt_point,6206062592,86.7,5382062080,/dev/sda1,1965424640,133423104,72163328,6.4,1965424640,32157696,130514944,2098847744,11829248,1,98,137,97,0.2,0.6,0.2,0.0,98.0,1.0,0.0,0.0,2.0,0.0,0.0
2,0.11,0.04,0.02,0,0.0,2145382400,0,2145382400,0,25016,5.037631034851074,0,12508,0,12508,lo,0,interface_name,8568415,5.037631034851074,1319524,7110490,656740,1457925,eth0,662784,interface_name,0,0.0,4.6,0.0,6.0,0.0,41.4,48.0,cpu_number,0.0,58.6,0.0,0.0,1,0.0,0.0,0.0,0.6,0.0,97.5,1.9,cpu_number,0.0,2.5,0.0,0.0,Linux,rabbitmqserver,disk_name,5.041583061218262,0,0,sr0,disk_name,5.041583061218262,0,0,sda5,disk_name,5.041583061218262,0,0,sda2,disk_name,5.041583061218262,0,16384,sda1,/,ext4,824000512,mnt_point,6206062592,86.7,5382062080,/dev/sda1,1954254848,144592896,72159232,6.9,1954254848,32161792,141484032,2098847744,11837440,1,98,137,97,0.3,0.0,0.8,0.0,95.4,3.4,0.0,0.0,4.5,0.0,0.0
2,0.1,0.04,0.02,0,0.0,2145382400,0,2145382400,0,25016,5.039662837982178,0,12508,0,12508,lo,0,interface_name,9866428,5.039662837982178,1298013,7757446,646956,2108982,eth0,651057,interface_name,0,0.0,4.4,0.2,6.6,0.0,42.1,46.7,cpu_number,0.0,57.9,0.0,0.0,1,0.0,0.0,0.0,1.9,0.0,89.4,8.7,cpu_number,0.0,10.6,0.0,0.0,Linux,rabbitmqserver,disk_name,5.038469076156616,0,0,sr0,disk_name,5.038469076156616,0,0,sda5,disk_name,5.038469076156616,0,0,sda2,disk_name,5.038469076156616,0,12288,sda1,/,ext4,824004608,mnt_point,6206062592,86.7,5382057984,/dev/sda1,1916932096,181915648,72167424,8.7,1916932096,32157696,177016832,2098847744,11837440,2,98,137,96,2.3,0.0,3.5,0.0,68.8,25.4,0.0,0.0,31.0,0.0,0.0
2,0.17,0.06,0.03,0,0.0,2145382400,0,2145382400,0,25016,5.0407140254974365,0,12508,0,12508,lo,0,interface_name,11196465,5.0407140254974365,1330037,8419099,661653,2777366,eth0,668384,interface_name,0,0.0,5.6,0.0,6.6,0.0,40.0,47.8,cpu_number,0.0,60.0,0.0,0.0,1,0.0,0.0,0.0,1.4,0.0,93.2,5.4,cpu_number,0.0,6.8,0.0,0.0,Linux,rabbitmqserver,disk_name,5.039512872695923,0,0,sr0,disk_name,5.039512872695923,0,0,sda5,disk_name,5.039512872695923,0,0,sda2,disk_name,5.039512872695923,0,36864,sda1,/,ext4,824004608,mnt_point,6206062592,86.7,5382057984,/dev/sda1,1880330240,218517504,72167424,10.4,1880330240,32157696,212213760,2098847744,11845632,1,98,137,97,2.3,0.2,4.3,0.0,65.1,28.1,0.0,0.0,35.0,0.0,0.0
2,0.24,0.07,0.03,0,0.0,2145382400,0,2145382400,0,25016,5.040031909942627,0,12508,0,12508,lo,0,interface_name,12524523,5.040031909942627,1328058,9079250,660151,3445273,eth0,667907,interface_name,0,0.0,5.8,0.0,6.0,0.0,40.0,48.2,cpu_number,0.0,60.0,0.0,0.0,1,0.0,0.0,0.0,1.3,0.0,92.9,5.8,cpu_number,0.0,7.1,0.0,0.0,Linux,3.16.0-30-generic,Ubuntu 14.04,rabbitmqserver,64bit,Ubuntu 14.04 64bit,disk_name,5.040171146392822,0,0,sr0,disk_name,5.040171146392822,0,0,sda5,disk_name,5.040171146392822,0,0,sda2,disk_name,5.040171146392822,0,24576,sda1,/,ext4,824008704,mnt_point,6206062592,86.7,5382053888,/dev/sda1,1842122752,256724992,72159232,12.2,1842122752,32157696,250531840,2098847744,11853824,1,98,137,97,2.7,0.0,4.0,0.0,66.3,27.0,0.0,0.0,33.7,0.0,0.0
2,0.3,0.09,0.04,0,0.0,2145382400,0,2145382400,0,25016,5.04167103767395,0,12508,0,12508,lo,0,interface_name,13826505,5.04167103767395,1301982,9728795,649545,4097710,eth0,652437,interface_name,0,0.0,4.4,0.0,5.9,0.0,40.8,48.9,cpu_number,0.0,59.2,0.0,0.0,1,0.0,0.0,0.0,1.7,0.0,87.8,10.5,cpu_number,0.0,12.2,0.0,0.0,Linux,rabbitmqserver,disk_name,5.0394368171691895,0,0,sr0,disk_name,5.0394368171691895,0,0,sda5,disk_name,5.0394368171691895,0,0,sda2,disk_name,5.0394368171691895,0,4096,sda1,/,ext4,824000512,mnt_point,6206062592,86.7,5382062080,/dev/sda1,1802514432,296333312,72167424,14.1,1802514432,32153600,290062336,2098847744,11853824,1,98,137,97,3.0,0.0,3.8,0.0,65.8,27.4,0.0,0.0,34.2,0.0,0.0
2,0.27,0.09,0.04,0,0.0,2145382400,0,2145382400,0,25016,5.04279899597168,0,12508,0,12508,lo,0,interface_name,15127729,5.04279899597168,1301224,10377982,649187,4749747,eth0,652037,interface_name,0,0.0,5.2,0.0,6.3,0.0,42.1,46.4,cpu_number,0.0,57.9,0.0,0.0,1,0.0,0.0,0.0,1.9,0.0,85.8,12.3,cpu_number,0.0,14.2,0.0,0.0,Linux,rabbitmqserver,disk_name,5.042179107666016,0,0,sr0,disk_name,5.042179107666016,0,0,sda5,disk_name,5.042179107666016,0,0,sda2,disk_name,5.042179107666016,0,12288,sda1,/,ext4,824000512,mnt_point,6206062592,86.7,5382062080,/dev/sda1,1763098624,335749120,72163328,16.0,1763098624,32157696,329129984,2098847744,11862016,1,98,137,97,2.2,0.0,3.8,0.0,63.6,30.4,0.0,0.0,36.4,0.0,0.0
2,0.33,0.1,0.04,0,0.0,2145382400,0,2145382400,0,25016,5.037865161895752,0,12508,0,12508,lo,0,interface_name,16456535,5.037865161895752,1328806,11038883,660901,5417652,eth0,667905,interface_name,0,0.0,5.9,0.0,6.5,0.0,41.7,45.9,cpu_number,0.0,58.3,0.0,0.0,1,0.0,0.0,0.0,1.7,0.0,90.2,8.1,cpu_number,0.0,9.8,0.0,0.0,Linux,rabbitmqserver,disk_name,5.042756080627441,0,0,sr0,disk_name,5.042756080627441,0,0,sda5,disk_name,5.042756080627441,0,0,sda2,disk_name,5.042756080627441,0,28672,sda1,/,ext4,824000512,mnt_point,6206062592,86.7,5382062080,/dev/sda1,1725227008,373620736,72171520,17.8,1725227008,32153600,367276032,2098847744,11862016,1,98,137,97,2.6,0.0,4.2,0.0,63.4,29.7,0.0,0.0,36.5,0.0,0.0
2,0.3,0.1,0.04,0,0.0,2145382400,0,2145382400,0,25016,5.041730880737305,0,12508,0,12508,lo,0,interface_name,17799472,5.041730880737305,1342937,11705702,666819,6093770,eth0,676118,interface_name,0,0.0,4.5,0.0,5.1,0.0,37.4,53.0,cpu_number,0.0,62.6,0.0,0.0,1,0.0,0.0,0.0,0.2,0.0,99.2,0.6,cpu_number,0.0,0.8,0.0,0.0,Linux,rabbitmqserver,disk_name,5.038010835647583,0,0,sr0,disk_name,5.038010835647583,0,0,sda5,disk_name,5.038010835647583,0,0,sda2,disk_name,5.038010835647583,0,12288,sda1,/,ext4,824000512,mnt_point,6206062592,86.7,5382062080,/dev/sda1,1688694784,410152960,72163328,19.5,1688694784,32153600,402997248,2098847744,11870208,1,98,137,97,3.0,0.0,4.1,0.0,65.6,27.3,0.0,0.0,34.4,0.0,0.0
2,0.28,0.1,0.04,0,0.0,2145382400,0,2145382400,0,25016,5.041450023651123,0,12508,0,12508,lo,0,interface_name,19118010,5.041450023651123,1318538,12360853,655151,6757157,eth0,663387,interface_name,0,0.0,4.7,0.0,5.7,0.0,38.5,51.1,cpu_number,0.0,61.5,0.0,0.0,1,0.0,0.0,0.0,1.2,0.0,94.6,4.2,cpu_number,0.0,5.4,0.0,0.0,Linux,rabbitmqserver,disk_name,5.0422539710998535,0,0,sr0,disk_name,5.0422539710998535,0,0,sda5,disk_name,5.0422539710998535,0,0,sda2,disk_name,5.0422539710998535,0,12288,sda1,/,ext4,824000512,mnt_point,6206062592,86.7,5382062080,/dev/sda1,1649233920,449613824,72163328,21.4,1649233920,32153600,440053760,2098847744,11878400,1,98,137,97,2.4,0.0,2.7,0.0,67.2,27.7,0.0,0.0,32.7,0.0,0.0
2,0.28,0.1,0.04,0,0.0,2145382400,0,2145382400,0,25016,5.041450023651123,0,12508,0,12508,lo,0,interface_name,19118010,5.041450023651123,1318538,12360853,655151,6757157,eth0,663387,interface_name,0,0.0,4.7,0.0,5.7,0.0,38.5,51.1,cpu_number,0.0,61.5,0.0,0.0,1,0.0,0.0,0.0,1.2,0.0,94.6,4.2,cpu_number,0.0,5.4,0.0,0.0,Linux,3.16.0-30-generic,Ubuntu 14.04,rabbitmqserver,64bit,Ubuntu 14.04 64bit,disk_name,5.040422201156616,0,0,sr0,disk_name,5.040422201156616,0,0,sda5,disk_name,5.040422201156616,0,0,sda2,disk_name,5.040422201156616,0,0,sda1,/,ext4,824000512,mnt_point,6206062592,86.7,5382062080,/dev/sda1,1614548992,484298752,72171520,23.1,1614548992,32153600,477614080,2098847744,11878400,1,99,138,98,2.4,0.0,3.5,0.0,65.9,28.2,0.0,0.0,34.3,0.0,0.0
2,0.38,0.13,0.05,0,0.0,2145382400,0,2145382400,0,26146,5.042261838912964,0,13073,0,13073,lo,0,interface_name,21708462,5.042261838912964,1303989,13651908,649816,8056554,eth0,654173,interface_name,0,0.0,5.7,0.0,6.5,0.0,44.0,43.8,cpu_number,0.0,56.0,0.0,0.0,1,0.0,0.0,0.0,2.7,0.0,84.4,13.0,cpu_number,0.0,15.6,0.0,0.0,Linux,rabbitmqserver,disk_name,5.039270877838135,0,0,sr0,disk_name,5.039270877838135,0,0,sda5,disk_name,5.039270877838135,0,0,sda2,disk_name,5.039270877838135,0,28672,sda1,/,ext4,823996416,mnt_point,6206062592,86.7,5382066176,/dev/sda1,1470615552,628232192,72163328,29.9,1470615552,32153600,620593152,2098847744,11886592,1,99,138,98,2.8,0.0,5.1,0.0,61.8,30.3,0.0,0.0,38.1,0.0,0.0
2,0.38,0.13,0.05,0,0.0,2145382400,0,2145382400,0,26146,5.042261838912964,0,13073,0,13073,lo,0,interface_name,21708462,5.042261838912964,1303989,13651908,649816,8056554,eth0,654173,interface_name,0,0.0,5.7,0.0,6.5,0.0,44.0,43.8,cpu_number,0.0,56.0,0.0,0.0,1,0.0,0.0,0.0,2.7,0.0,84.4,13.0,cpu_number,0.0,15.6,0.0,0.0,Linux,3.16.0-30-generic,Ubuntu 14.04,rabbitmqserver,64bit,Ubuntu 14.04 64bit,disk_name,5.041032075881958,0,0,sr0,disk_name,5.041032075881958,0,0,sda5,disk_name,5.041032075881958,0,0,sda2,disk_name,5.041032075881958,0,0,sda1,/,ext4,823996416,mnt_point,6206062592,86.7,5382066176,/dev/sda1,1457647616,641200128,72175616,30.6,1457647616,32157696,634376192,2098847744,11886592,1,99,138,98,2.9,0.0,4.5,0.0,64.0,28.6,0.0,0.0,35.9,0.0,0.0
2,0.43,0.14,0.06,0,0.0,2145382400,0,2145382400,0,26146,5.039095163345337,0,13073,0,13073,lo,0,interface_name,22987392,5.039095163345337,1278930,14290696,638788,8696696,eth0,640142,interface_name,0,0.0,3.5,0.0,6.9,0.0,48.1,41.5,cpu_number,0.0,51.9,0.0,0.0,1,0.0,0.0,0.0,3.7,0.0,74.0,22.3,cpu_number,0.0,26.0,0.0,0.0,Linux,3.16.0-30-generic,Ubuntu 14.04,rabbitmqserver,64bit,Ubuntu 14.04 64bit,disk_name,5.0391318798065186,0,0,sr0,disk_name,5.0391318798065186,0,0,sda5,disk_name,5.0391318798065186,0,0,sda2,disk_name,5.0391318798065186,0,12288,sda1,/,ext4,823996416,mnt_point,6206062592,86.7,5382066176,/dev/sda1,1447919616,650928128,72167424,31.0,1447919616,32153600,643788800,2098847744,11894784,1,99,138,98,1.8,0.0,5.3,0.0,61.3,31.7,0.0,0.0,38.7,0.0,0.0
2,0.52,0.17,0.07,0,0.0,2145382400,0,2145382400,0,26146,5.037975788116455,0,13073,0,13073,lo,0,interface_name,25540041,5.037975788116455,1276380,15564346,636830,9975695,eth0,639550,interface_name,0,0.0,5.1,0.0,6.5,0.0,43.7,44.7,cpu_number,0.0,56.3,0.0,0.0,1,0.0,0.0,0.0,3.7,0.0,80.1,16.2,cpu_number,0.0,19.9,0.0,0.0,Linux,3.16.0-30-generic,Ubuntu 14.04,rabbitmqserver,64bit,Ubuntu 14.04 64bit,disk_name,5.039966106414795,0,0,sr0,disk_name,5.039966106414795,0,0,sda5,disk_name,5.039966106414795,0,0,sda2,disk_name,5.039966106414795,0,0,sda1,/,ext4,823996416,mnt_point,6206062592,86.7,5382066176,/dev/sda1,1430777856,668069888,72175616,31.8,1430777856,32153600,661082112,2098847744,11894784,1,99,138,98,2.4,0.0,5.0,0.0,60.6,32.0,0.0,0.0,39.4,0.0,0.0
2,0.48,0.17,0.07,0,0.0,2145382400,0,2145382400,0,26146,5.038708209991455,0,13073,0,13073,lo,0,interface_name,26849354,5.038708209991455,1309313,16215515,651169,10633839,eth0,658144,interface_name,0,0.0,4.8,0.0,6.1,0.0,42.8,46.3,cpu_number,0.0,57.2,0.0,0.0,1,0.0,0.0,0.0,2.5,0.0,86.4,11.2,cpu_number,0.0,13.6,0.0,0.0,Linux,rabbitmqserver,disk_name,5.038306951522827,0,0,sr0,disk_name,5.038306951522827,0,0,sda5,disk_name,5.038306951522827,0,0,sda2,disk_name,5.038306951522827,0,16384,sda1,/,ext4,823996416,mnt_point,6206062592,86.7,5382066176,/dev/sda1,1409978368,688869376,72167424,32.8,1409978368,32153600,681926656,2098847744,11902976,1,99,138,98,2.5,0.0,5.3,0.0,61.9,30.3,0.0,0.0,38.1,0.0,0.0
2,0.52,0.18,0.07,0,0.0,2145382400,0,2145382400,0,26146,5.041878938674927,0,13073,0,13073,lo,0,interface_name,28137937,5.041878938674927,1288583,16858542,643027,11279395,eth0,645556,interface_name,0,0.0,4.5,0.0,5.3,0.0,43.6,46.6,cpu_number,0.0,56.4,0.0,0.0,1,0.0,0.0,0.0,3.8,0.0,78.7,17.5,cpu_number,0.0,21.3,0.0,0.0,Linux,rabbitmqserver,disk_name,5.039279937744141,0,0,sr0,disk_name,5.039279937744141,0,0,sda5,disk_name,5.039279937744141,0,0,sda2,disk_name,5.039279937744141,0,4096,sda1,/,ext4,823996416,mnt_point,6206062592,86.7,5382066176,/dev/sda1,1386418176,712429568,72175616,33.9,1386418176,32153600,705032192,2098847744,11902976,1,99,138,98,2.4,0.0,4.2,0.0,64.2,29.2,0.0,0.0,35.7,0.0,0.0
2,0.48,0.18,0.07,0,0.0,2145382400,0,2145382400,0,26146,5.047837018966675,0,13073,0,13073,lo,0,interface_name,29424181,5.047837018966675,1286244,17500794,642252,11923387,eth0,643992,interface_name,0,0.0,5.0,0.0,8.7,0.0,43.5,42.9,cpu_number,0.0,56.5,0.0,0.0,1,0.0,0.0,0.0,3.1,0.0,79.3,17.6,cpu_number,0.0,20.7,0.0,0.0,Linux,rabbitmqserver,disk_name,5.041222095489502,0,0,sr0,disk_name,5.041222095489502,0,0,sda5,disk_name,5.041222095489502,0,0,sda2,disk_name,5.041222095489502,0,8192,sda1,/,ext4,823992320,mnt_point,6206062592,86.7,5382070272,/dev/sda1,1368649728,730198016,72167424,34.8,1368649728,32153600,723091456,2098847744,11911168,1,99,138,98,2.2,0.0,4.6,0.0,61.4,31.8,0.0,0.0,38.7,0.0,0.0
2,0.52,0.19,0.08,0,0.0,2145382400,0,2145382400,0,26146,5.0405189990997314,0,13073,0,13073,lo,0,interface_name,30710424,5.0405189990997314,1286243,18141937,641143,12568487,eth0,645100,interface_name,0,0.0,4.8,0.0,5.6,0.0,44.0,45.6,cpu_number,0.0,56.0,0.0,0.0,1,0.0,0.0,0.0,3.6,0.0,79.0,17.3,cpu_number,0.0,21.0,0.0,0.0,Linux,rabbitmqserver,disk_name,5.048558950424194,0,0,sr0,disk_name,5.048558950424194,0,0,sda5,disk_name,5.048558950424194,0,0,sda2,disk_name,5.048558950424194,0,16384,sda1,/,ext4,823996416,mnt_point,6206062592,86.7,5382066176,/dev/sda1,1322573824,776273920,72179712,37.0,1322573824,32157696,768954368,2098847744,11911168,1,99,138,98,2.6,0.0,5.9,0.0,61.0,30.4,0.0,0.0,38.9,0.0,0.0
2,0.52,0.19,0.08,0,0.0,2145382400,0,2145382400,0,26146,5.0405189990997314,0,13073,0,13073,lo,0,interface_name,30710424,5.0405189990997314,1286243,18141937,641143,12568487,eth0,645100,interface_name,0,0.0,4.8,0.0,5.6,0.0,44.0,45.6,cpu_number,0.0,56.0,0.0,0.0,1,0.0,0.0,0.0,3.6,0.0,79.0,17.3,cpu_number,0.0,21.0,0.0,0.0,Linux,3.16.0-30-generic,Ubuntu 14.04,rabbitmqserver,64bit,Ubuntu 14.04 64bit,disk_name,5.04010796546936,0,0,sr0,disk_name,5.04010796546936,0,0,sda5,disk_name,5.04010796546936,0,0,sda2,disk_name,5.04010796546936,0,20480,sda1,/,ext4,823996416,mnt_point,6206062592,86.7,5382066176,/dev/sda1,1310121984,788725760,72179712,37.6,1310121984,32153600,781365248,2098847744,11919360,1,99,138,98,2.3,0.0,4.6,0.0,61.6,31.5,0.0,0.0,38.5,0.0,0.0
2,0.64,0.22,0.09,0,0.0,2145382400,0,2145382400,0,26146,5.043160915374756,0,13073,0,13073,lo,0,interface_name,31978085,5.043160915374756,1267661,18775000,633063,13203085,eth0,634598,interface_name,0,0.0,4.2,0.0,7.7,0.0,45.3,42.8,cpu_number,0.0,54.7,0.0,0.0,1,0.0,0.0,0.0,3.7,0.0,74.3,22.0,cpu_number,0.0,25.7,0.0,0.0,Linux,3.16.0-30-generic,Ubuntu 14.04,rabbitmqserver,64bit,Ubuntu 14.04 64bit,disk_name,5.043029069900513,0,0,sr0,disk_name,5.043029069900513,0,0,sda5,disk_name,5.043029069900513,0,0,sda2,disk_name,5.043029069900513,0,12288,sda1,/,ext4,823996416,mnt_point,6206062592,86.7,5382066176,/dev/sda1,1306517504,792330240,72171520,37.8,1306517504,32153600,785133568,2098847744,11927552,1,99,138,98,2.1,0.0,5.8,0.0,59.7,32.4,0.0,0.0,40.3,0.0,0.0
2,0.77,0.26,0.1,0,0.0,2145382400,0,2145382400,0,26146,5.03994607925415,0,13073,0,13073,lo,0,interface_name,34475642,5.03994607925415,1248396,20024468,624469,14451174,eth0,623927,interface_name,0,0.0,2.1,0.0,8.0,0.0,49.5,40.5,cpu_number,0.0,50.5,0.0,0.0,1,0.0,0.0,0.0,4.2,0.0,70.1,25.7,cpu_number,0.0,29.9,0.0,0.0,Linux,rabbitmqserver,disk_name,5.039328098297119,0,0,sr0,disk_name,5.039328098297119,0,0,sda5,disk_name,5.039328098297119,0,0,sda2,disk_name,5.039328098297119,0,0,sda1,/,ext4,823996416,mnt_point,6206062592,86.7,5382066176,/dev/sda1,1287442432,811405312,72179712,38.7,1287442432,32153600,804323328,2098847744,11927552,1,99,138,98,2.0,0.0,6.3,0.0,58.5,33.1,0.0,0.0,41.4,0.0,0.0
2,0.71,0.26,0.1,0,0.0,2145382400,0,2145382400,0,27276,5.040869951248169,1130,13638,565,13638,lo,565,interface_name,35759973,5.040869951248169,1284331,20665654,641186,15094319,eth0,643145,interface_name,0,0.0,4.7,0.0,7.0,0.0,40.7,47.6,cpu_number,0.0,59.3,0.0,0.0,1,0.0,0.0,0.0,4.3,0.0,77.8,17.9,cpu_number,0.0,22.2,0.0,0.0,Linux,rabbitmqserver,disk_name,5.041201829910278,0,0,sr0,disk_name,5.041201829910278,0,0,sda5,disk_name,5.041201829910278,0,0,sda2,disk_name,5.041201829910278,0,20480,sda1,/,ext4,823996416,mnt_point,6206062592,86.7,5382066176,/dev/sda1,1252102144,846745600,72171520,40.3,1252102144,32153600,834945024,2098847744,11935744,1,99,138,98,1.0,0.0,6.0,0.0,59.8,33.2,0.0,0.0,40.2,0.0,0.0
2,0.71,0.26,0.1,0,0.0,2145382400,0,2145382400,0,27276,5.040869951248169,1130,13638,565,13638,lo,565,interface_name,35759973,5.040869951248169,1284331,20665654,641186,15094319,eth0,643145,interface_name,0,0.0,4.7,0.0,7.0,0.0,40.7,47.6,cpu_number,0.0,59.3,0.0,0.0,1,0.0,0.0,0.0,4.3,0.0,77.8,17.9,cpu_number,0.0,22.2,0.0,0.0,Linux,3.16.0-30-generic,Ubuntu 14.04,rabbitmqserver,64bit,Ubuntu 14.04 64bit,disk_name,5.040220022201538,0,0,sr0,disk_name,5.040220022201538,0,0,sda5,disk_name,5.040220022201538,0,0,sda2,disk_name,5.040220022201538,0,8192,sda1,/,ext4,823988224,mnt_point,6206062592,86.7,5382074368,/dev/sda1,1147723776,951123968,72171520,45.3,1147723776,32153600,943726592,2098847744,11943936,1,99,138,98,2.4,0.0,5.9,0.0,58.9,32.8,0.0,0.0,41.1,0.0,0.0
2,0.68,0.27,0.11,0,0.0,2145382400,0,2145382400,0,27276,5.039937973022461,0,13638,0,13638,lo,0,interface_name,38371813,5.039937973022461,1307242,21961994,647029,16409819,eth0,660213,interface_name,0,0.0,6.1,0.0,5.9,0.0,38.3,49.6,cpu_number,0.0,61.7,0.0,0.0,1,0.0,0.0,0.0,2.3,0.0,87.7,10.0,cpu_number,0.0,12.3,0.0,0.0,Linux,rabbitmqserver,disk_name,5.041692018508911,0,0,sr0,disk_name,5.041692018508911,0,0,sda5,disk_name,5.041692018508911,0,0,sda2,disk_name,5.041692018508911,0,4096,sda1,/,ext4,823988224,mnt_point,6206062592,86.7,5382074368,/dev/sda1,1134768128,964079616,72183808,45.9,1134768128,32157696,956596224,2098847744,11943936,1,99,138,98,2.0,0.0,4.2,0.0,63.4,30.4,0.0,0.0,36.7,0.0,0.0
2,0.62,0.26,0.11,0,0.0,2145382400,0,2145382400,0,27276,5.068203926086426,0,13638,0,13638,lo,0,interface_name,39342333,5.068203926086426,970520,22362269,400275,16980064,eth0,570245,interface_name,0,0.0,5.4,0.0,6.2,0.0,42.0,46.4,cpu_number,0.0,58.0,0.0,0.0,1,0.0,0.0,0.0,2.9,0.0,84.5,12.6,cpu_number,0.0,15.5,0.0,0.0,Linux,rabbitmqserver,disk_name,5.0406999588012695,0,0,sr0,disk_name,5.0406999588012695,0,0,sda5,disk_name,5.0406999588012695,0,0,sda2,disk_name,5.0406999588012695,0,32768,sda1,/,ext4,823992320,mnt_point,6206062592,86.7,5382070272,/dev/sda1,1016143872,1082703872,72175616,51.6,1016143872,32153600,1075363840,2098847744,11952128,1,99,138,98,3.2,0.0,4.2,0.0,61.8,30.8,0.0,0.0,37.9,0.0,0.0
2,0.62,0.26,0.11,0,0.0,2145382400,0,2145382400,0,27276,5.068203926086426,0,13638,0,13638,lo,0,interface_name,39342333,5.068203926086426,970520,22362269,400275,16980064,eth0,570245,interface_name,0,0.0,5.4,0.0,6.2,0.0,42.0,46.4,cpu_number,0.0,58.0,0.0,0.0,1,0.0,0.0,0.0,2.9,0.0,84.5,12.6,cpu_number,0.0,15.5,0.0,0.0,Linux,3.16.0-30-generic,Ubuntu 14.04,rabbitmqserver,64bit,Ubuntu 14.04 64bit,disk_name,5.067063093185425,0,0,sr0,disk_name,5.067063093185425,0,0,sda5,disk_name,5.067063093185425,0,0,sda2,disk_name,5.067063093185425,0,0,sda1,/,ext4,823992320,mnt_point,6206062592,86.7,5382070272,/dev/sda1,973443072,1125404672,72183808,53.6,973443072,32153600,1116024832,2098847744,11952128,1,99,138,98,2.7,0.1,4.6,0.0,63.2,29.4,0.0,0.0,37.1,0.0,0.0
2,0.6,0.27,0.11,0,0.0,2145382400,0,2145382400,0,27276,5.040431022644043,0,13638,0,13638,lo,0,interface_name,40684679,5.040431022644043,668992,23020112,328247,17664567,eth0,340745,interface_name,0,0.0,4.8,0.0,5.8,0.0,42.3,47.1,cpu_number,0.0,57.7,0.0,0.0,1,0.0,0.0,0.0,3.7,0.0,83.3,13.0,cpu_number,0.0,16.7,0.0,0.0,Linux,rabbitmqserver,disk_name,5.041918992996216,0,0,sr0,disk_name,5.041918992996216,0,0,sda5,disk_name,5.041918992996216,0,0,sda2,disk_name,5.041918992996216,0,8192,sda1,/,ext4,823992320,mnt_point,6206062592,86.7,5382070272,/dev/sda1,969719808,1129127936,72175616,53.8,969719808,32153600,1119354880,2098847744,11960320,1,99,138,98,2.3,0.0,4.6,0.0,64.2,28.9,0.0,0.0,35.8,0.0,0.0
2,0.63,0.28,0.11,0,0.0,2145382400,0,2145382400,0,27276,5.040842056274414,0,13638,0,13638,lo,0,interface_name,41374768,5.040842056274414,690089,23357038,336926,18017730,eth0,353163,interface_name,0,0.0,4.3,0.0,5.1,0.0,38.2,52.4,cpu_number,0.0,61.8,0.0,0.0,1,0.0,0.0,0.0,1.2,0.0,95.2,3.5,cpu_number,0.0,4.8,0.0,0.0,Linux,rabbitmqserver,disk_name,5.04007887840271,0,0,sr0,disk_name,5.04007887840271,0,0,sda5,disk_name,5.04007887840271,0,0,sda2,disk_name,5.04007887840271,0,4096,sda1,/,ext4,823984128,mnt_point,6206062592,86.7,5382078464,/dev/sda1,937754624,1161093120,72183808,55.3,937754624,32153600,1151463424,2098847744,11960320,1,99,138,98,2.4,0.0,4.6,0.0,62.7,30.2,0.0,0.0,37.3,0.0,0.0
2,0.58,0.28,0.11,0,0.0,2145382400,0,2145382400,0,27276,5.041581869125366,0,13638,0,13638,lo,0,interface_name,42034967,5.041581869125366,660199,23680770,323732,18354197,eth0,336467,interface_name,0,0.0,4.8,0.0,5.8,0.0,42.7,46.7,cpu_number,0.0,57.3,0.0,0.0,1,0.0,0.0,0.0,1.9,0.0,84.8,13.3,cpu_number,0.0,15.2,0.0,0.0,Linux,rabbitmqserver,disk_name,5.041599988937378,0,0,sr0,disk_name,5.041599988937378,0,0,sda5,disk_name,5.041599988937378,0,0,sda2,disk_name,5.041599988937378,0,12288,sda1,/,ext4,823984128,mnt_point,6206062592,86.7,5382078464,/dev/sda1,893403136,1205444608,72179712,57.4,893403136,32157696,1195642880,2098847744,11968512,1,99,138,98,2.2,0.0,3.0,0.0,66.0,28.8,0.0,0.0,34.1,0.0,0.0
2,0.62,0.29,0.12,0,0.0,2145382400,0,2145382400,0,27276,5.037676095962524,0,13638,0,13638,lo,0,interface_name,42689012,5.037676095962524,654045,24001904,321134,18687108,eth0,332911,interface_name,0,0.0,5.0,0.0,6.6,0.0,43.6,44.8,cpu_number,0.0,56.4,0.0,0.0,1,0.0,0.0,0.0,3.5,0.0,79.9,16.6,cpu_number,0.0,20.1,0.0,0.0,Linux,rabbitmqserver,disk_name,5.0409440994262695,0,0,sr0,disk_name,5.0409440994262695,0,0,sda5,disk_name,5.0409440994262695,0,0,sda2,disk_name,5.0409440994262695,0,16384,sda1,/,ext4,823984128,mnt_point,6206062592,86.7,5382078464,/dev/sda1,865726464,1233121280,72187904,58.8,865726464,32153600,1223376896,2098847744,11968512,1,99,138,98,2.4,0.0,4.0,0.0,63.4,30.2,0.0,0.0,36.7,0.0,0.0
2,0.62,0.29,0.12,0,0.0,2145382400,0,2145382400,0,27276,5.037676095962524,0,13638,0,13638,lo,0,interface_name,42689012,5.037676095962524,654045,24001904,321134,18687108,eth0,332911,interface_name,0,0.0,5.0,0.0,6.6,0.0,43.6,44.8,cpu_number,0.0,56.4,0.0,0.0,1,0.0,0.0,0.0,3.5,0.0,79.9,16.6,cpu_number,0.0,20.1,0.0,0.0,Linux,3.16.0-30-generic,Ubuntu 14.04,rabbitmqserver,64bit,Ubuntu 14.04 64bit,disk_name,5.037646055221558,0,0,sr0,disk_name,5.037646055221558,0,0,sda5,disk_name,5.037646055221558,0,0,sda2,disk_name,5.037646055221558,0,8192,sda1,/,ext4,823984128,mnt_point,6206062592,86.7,5382078464,/dev/sda1,835137536,1263710208,72179712,60.2,835137536,32153600,1254006784,2098847744,11976704,1,99,138,98,2.6,0.0,5.2,0.0,61.2,31.0,0.0,0.0,38.6,0.0,0.0
2,0.65,0.3,0.12,0,0.0,2145382400,0,2145382400,0,27276,5.0400590896606445,0,13638,0,13638,lo,0,interface_name,43335563,5.0400590896606445,646551,24319677,317773,19015886,eth0,328778,interface_name,0,0.0,5.4,0.0,6.0,0.0,43.0,45.6,cpu_number,0.0,57.0,0.0,0.0,1,0.0,0.0,0.0,2.9,0.0,80.0,17.1,cpu_number,0.0,20.0,0.0,0.0,Linux,3.16.0-30-generic,Ubuntu 14.04,rabbitmqserver,64bit,Ubuntu 14.04 64bit,disk_name,5.040874004364014,0,0,sr0,disk_name,5.040874004364014,0,0,sda5,disk_name,5.040874004364014,0,0,sda2,disk_name,5.040874004364014,0,16384,sda1,/,ext4,823988224,mnt_point,6206062592,86.7,5382074368,/dev/sda1,800608256,1298239488,72187904,61.9,800608256,32153600,1288216576,2098847744,11976704,1,99,138,98,2.6,0.0,4.6,0.0,61.3,31.5,0.0,0.0,38.8,0.0,0.0
2,0.7,0.33,0.13,0,0.0,2145382400,0,2145382400,0,27276,5.042605876922607,0,13638,0,13638,lo,0,interface_name,44635841,5.042605876922607,644386,24959152,316744,19676689,eth0,327642,interface_name,0,0.0,3.3,0.0,7.3,0.0,46.3,43.2,cpu_number,0.0,53.7,0.0,0.0,1,0.0,0.0,0.0,3.5,0.0,77.6,18.9,cpu_number,0.0,22.4,0.0,0.0,Linux,rabbitmqserver,disk_name,5.042094945907593,0,0,sr0,disk_name,5.042094945907593,0,0,sda5,disk_name,5.042094945907593,0,0,sda2,disk_name,5.042094945907593,0,20480,sda1,/,ext4,823988224,mnt_point,6206062592,86.7,5382074368,/dev/sda1,774795264,1324052480,72187904,63.1,774795264,32153600,1313685504,2098847744,11984896,1,99,138,98,2.0,0.0,4.7,0.0,61.7,31.6,0.0,0.0,38.3,0.0,0.0
2,0.72,0.34,0.14,0,0.0,2145382400,0,2145382400,0,28406,5.042953968048096,1130,14203,565,14203,lo,565,interface_name,45265341,5.042953968048096,629500,25269512,310360,19995829,eth0,319140,interface_name,0,0.0,4.1,0.0,7.4,0.0,46.1,42.4,cpu_number,0.0,53.9,0.0,0.0,1,0.0,0.0,0.0,5.1,0.0,69.9,24.9,cpu_number,0.0,30.1,0.0,0.0,Linux,rabbitmqserver,disk_name,5.041992902755737,0,0,sr0,disk_name,5.041992902755737,0,0,sda5,disk_name,5.041992902755737,0,0,sda2,disk_name,5.041992902755737,0,8192,sda1,/,ext4,823980032,mnt_point,6206062592,86.7,5382082560,/dev/sda1,748146688,1350701056,72179712,64.4,748146688,32153600,1340616704,2098847744,11993088,1,99,138,98,1.8,0.0,5.4,0.0,61.7,31.1,0.0,0.0,38.1,0.0,0.0
2,0.67,0.33,0.14,0,0.0,2145382400,0,2145382400,0,28406,5.04107403755188,0,14203,0,14203,lo,0,interface_name,45907138,5.04107403755188,641797,25585268,315756,20321870,eth0,326041,interface_name,0,0.0,4.5,0.0,6.9,0.0,44.4,44.2,cpu_number,0.0,55.6,0.0,0.0,1,0.0,0.0,0.0,2.7,0.0,79.5,17.8,cpu_number,0.0,20.5,0.0,0.0,Linux,rabbitmqserver,disk_name,5.042818069458008,0,0,sr0,disk_name,5.042818069458008,0,0,sda5,disk_name,5.042818069458008,0,0,sda2,disk_name,5.042818069458008,0,4096,sda1,/,ext4,823980032,mnt_point,6206062592,86.7,5382082560,/dev/sda1,544411648,1554436096,72192000,74.1,544411648,32157696,1543929856,2098847744,11993088,1,99,138,98,2.0,0.0,6.2,0.0,58.2,33.7,0.0,0.0,41.9,0.0,0.0
2,0.61,0.33,0.14,0,0.0,2145382400,0,2145382400,0,28406,5.0398640632629395,0,14203,0,14203,lo,0,interface_name,46579534,5.0398640632629395,672396,25914459,329191,20665075,eth0,343205,interface_name,0,0.0,5.0,0.0,5.4,0.0,41.6,48.1,cpu_number,0.0,58.4,0.0,0.0,1,0.0,0.0,0.0,2.9,0.0,84.6,12.6,cpu_number,0.0,15.4,0.0,0.0,Linux,rabbitmqserver,disk_name,5.040995121002197,0,0,sr0,disk_name,5.040995121002197,0,0,sda5,disk_name,5.040995121002197,0,0,sda2,disk_name,5.040995121002197,0,8192,sda1,/,ext4,823980032,mnt_point,6206062592,86.7,5382082560,/dev/sda1,538202112,1560645632,72183808,74.4,538202112,32153600,1550082048,2098847744,12001280,1,99,138,98,2.4,0.0,4.7,0.0,61.8,31.1,0.0,0.0,38.2,0.0,0.0
2,0.56,0.32,0.14,0,0.0,2145382400,0,2145382400,0,28406,5.040076017379761,0,14203,0,14203,lo,0,interface_name,47245536,5.040076017379761,666002,26240826,326367,21004710,eth0,339635,interface_name,0,0.0,4.7,0.0,4.9,0.0,41.4,48.9,cpu_number,0.0,58.6,0.0,0.0,1,0.0,0.0,0.0,3.0,0.0,83.5,13.4,cpu_number,0.0,16.5,0.0,0.0,Linux,rabbitmqserver,disk_name,5.040889024734497,0,0,sr0,disk_name,5.040889024734497,0,0,sda5,disk_name,5.040889024734497,0,0,sda2,disk_name,5.040889024734497,0,16384,sda1,/,ext4,823980032,mnt_point,6206062592,86.7,5382082560,/dev/sda1,532619264,1566228480,72183808,74.6,532619264,32153600,1555181568,2098847744,12009472,1,99,138,98,2.4,0.0,4.4,0.0,62.7,30.4,0.0,0.0,37.3,0.0,0.0
2,0.56,0.32,0.14,0,0.0,2145382400,0,2145382400,0,28406,5.040076017379761,0,14203,0,14203,lo,0,interface_name,47245536,5.040076017379761,666002,26240826,326367,21004710,eth0,339635,interface_name,0,0.0,4.7,0.0,4.9,0.0,41.4,48.9,cpu_number,0.0,58.6,0.0,0.0,1,0.0,0.0,0.0,3.0,0.0,83.5,13.4,cpu_number,0.0,16.5,0.0,0.0,Linux,3.16.0-30-generic,Ubuntu 14.04,rabbitmqserver,64bit,Ubuntu 14.04 64bit,disk_name,5.039109945297241,0,0,sr0,disk_name,5.039109945297241,0,0,sda5,disk_name,5.039109945297241,0,0,sda2,disk_name,5.039109945297241,0,16384,sda1,/,ext4,823980032,mnt_point,6206062592,86.7,5382082560,/dev/sda1,518930432,1579917312,72183808,75.3,518930432,32153600,1569255424,2098847744,12017664,1,99,138,98,2.5,0.0,3.8,0.0,62.2,31.5,0.0,0.0,37.8,0.0,0.0
2,0.56,0.33,0.14,0,0.0,2145382400,0,2145382400,0,28406,5.038580894470215,0,14203,0,14203,lo,0,interface_name,48605049,5.038580894470215,682675,26905519,333550,21699530,eth0,349125,interface_name,0,0.0,4.2,0.0,6.4,0.0,40.8,48.7,cpu_number,0.0,59.2,0.0,0.0,1,0.0,0.0,0.0,2.1,0.0,89.4,8.6,cpu_number,0.0,10.6,0.0,0.0,Linux,rabbitmqserver,disk_name,5.039779901504517,0,0,sr0,disk_name,5.039779901504517,0,0,sda5,disk_name,5.039779901504517,0,0,sda2,disk_name,5.039779901504517,0,32768,sda1,/,ext4,823984128,mnt_point,6206062592,86.7,5382078464,/dev/sda1,499859456,1598988288,72183808,76.2,499859456,32153600,1588240384,2098847744,12025856,1,99,138,98,2.1,0.0,4.5,0.0,63.6,29.8,0.0,0.0,36.5,0.0,0.0
2,0.56,0.33,0.14,0,0.0,2145382400,0,2145382400,0,28406,5.038580894470215,0,14203,0,14203,lo,0,interface_name,48605049,5.038580894470215,682675,26905519,333550,21699530,eth0,349125,interface_name,0,0.0,4.2,0.0,6.4,0.0,40.8,48.7,cpu_number,0.0,59.2,0.0,0.0,1,0.0,0.0,0.0,2.1,0.0,89.4,8.6,cpu_number,0.0,10.6,0.0,0.0,Linux,3.16.0-30-generic,Ubuntu 14.04,rabbitmqserver,64bit,Ubuntu 14.04 64bit,disk_name,5.0382080078125,0,0,sr0,disk_name,5.0382080078125,0,0,sda5,disk_name,5.0382080078125,0,0,sda2,disk_name,5.0382080078125,0,0,sda1,/,ext4,823975936,mnt_point,6206062592,86.7,5382086656,/dev/sda1,478556160,1620291584,72192000,77.2,478556160,32153600,1609531392,2098847744,12025856,1,99,138,98,2.2,0.0,4.5,0.0,64.2,29.1,0.0,0.0,35.7,0.0,0.0
2,0.55,0.33,0.14,0,0.0,2145382400,0,2145382400,0,28406,5.038185119628906,0,14203,0,14203,lo,0,interface_name,49933692,5.038185119628906,666636,27557666,326706,22376026,eth0,339930,interface_name,0,0.0,4.0,0.0,7.2,0.0,43.1,45.7,cpu_number,0.0,56.9,0.0,0.0,1,0.0,0.0,0.0,1.9,0.0,84.4,13.8,cpu_number,0.0,15.6,0.0,0.0,Linux,rabbitmqserver,disk_name,5.041299104690552,0,0,sr0,disk_name,5.041299104690552,0,0,sda5,disk_name,5.041299104690552,0,0,sda2,disk_name,5.041299104690552,0,12288,sda1,/,ext4,823975936,mnt_point,6206062592,86.7,5382086656,/dev/sda1,440262656,1658585088,72187904,79.0,440262656,32157696,1647202304,2098847744,12034048,1,99,138,98,2.4,0.0,4.2,0.0,61.9,31.4,0.0,0.0,38.1,0.0,0.0
2,0.51,0.33,0.14,0,0.0,2145382400,0,2145382400,0,28406,5.04033088684082,0,14203,0,14203,lo,0,interface_name,50602340,5.04033088684082,668648,27886011,328345,22716329,eth0,340303,interface_name,0,0.0,4.8,0.0,6.0,0.0,41.6,47.7,cpu_number,0.0,58.4,0.0,0.0,1,0.0,0.0,0.0,1.9,0.0,86.4,11.8,cpu_number,0.0,13.6,0.0,0.0,Linux,rabbitmqserver,disk_name,5.03765082359314,0,0,sr0,disk_name,5.03765082359314,0,0,sda5,disk_name,5.03765082359314,0,0,sda2,disk_name,5.03765082359314,0,0,sda1,/,ext4,823975936,mnt_point,6206062592,86.7,5382086656,/dev/sda1,423370752,1675476992,72196096,79.8,423370752,32153600,1664450560,2098847744,12034048,1,99,138,98,2.0,0.0,4.6,0.0,63.5,29.9,0.0,0.0,36.7,0.0,0.0
2,0.51,0.33,0.14,0,0.0,2145382400,0,2145382400,0,28406,5.04033088684082,0,14203,0,14203,lo,0,interface_name,50602340,5.04033088684082,668648,27886011,328345,22716329,eth0,340303,interface_name,0,0.0,4.8,0.0,6.0,0.0,41.6,47.7,cpu_number,0.0,58.4,0.0,0.0,1,0.0,0.0,0.0,1.9,0.0,86.4,11.8,cpu_number,0.0,13.6,0.0,0.0,Linux,3.16.0-30-generic,Ubuntu 14.04,rabbitmqserver,64bit,Ubuntu 14.04 64bit,disk_name,5.040865182876587,0,0,sr0,disk_name,5.040865182876587,0,0,sda5,disk_name,5.040865182876587,0,0,sda2,disk_name,5.040865182876587,0,8192,sda1,/,ext4,823975936,mnt_point,6206062592,86.7,5382086656,/dev/sda1,399441920,1699405824,72187904,81.0,399441920,32153600,1688371200,2098847744,12042240,1,99,138,98,2.5,0.0,3.9,0.0,63.3,30.2,0.0,0.0,36.5,0.0,0.0
2,0.51,0.33,0.15,0,0.0,2145382400,0,2145382400,0,28406,5.041971921920776,0,14203,0,14203,lo,0,interface_name,51914519,5.041971921920776,652491,28530140,320444,23384379,eth0,332047,interface_name,0,0.0,4.0,0.0,6.7,0.0,43.0,46.3,cpu_number,0.0,57.0,0.0,0.0,1,0.0,0.0,0.0,2.9,0.0,82.5,14.6,cpu_number,0.0,17.5,0.0,0.0,Linux,rabbitmqserver,disk_name,5.0408148765563965,0,0,sr0,disk_name,5.0408148765563965,0,0,sda5,disk_name,5.0408148765563965,0,0,sda2,disk_name,5.0408148765563965,0,4096,sda1,/,ext4,823975936,mnt_point,6206062592,86.7,5382086656,/dev/sda1,376684544,1722163200,72196096,82.1,376684544,32153600,1711013888,2098847744,12042240,1,99,138,98,2.3,0.0,4.0,0.0,63.3,30.4,0.0,0.0,36.5,0.0,0.0
2,0.55,0.34,0.15,0,0.0,2145382400,0,2145382400,0,28406,5.044286012649536,0,14203,0,14203,lo,0,interface_name,52594067,5.044286012649536,679548,28863145,333005,23730922,eth0,346543,interface_name,0,0.0,4.6,0.0,6.3,0.0,40.8,48.3,cpu_number,0.0,59.2,0.0,0.0,1,0.0,0.0,0.0,2.1,0.0,88.2,9.7,cpu_number,0.0,11.8,0.0,0.0,Linux,rabbitmqserver,disk_name,5.0420241355896,0,0,sr0,disk_name,5.0420241355896,0,0,sda5,disk_name,5.0420241355896,0,0,sda2,disk_name,5.0420241355896,0,24576,sda1,/,ext4,823980032,mnt_point,6206062592,86.7,5382082560,/dev/sda1,361594880,1737252864,72187904,82.8,361594880,32153600,1725968384,2098847744,12050432,2,99,138,97,2.0,0.0,4.8,0.0,62.4,30.8,0.0,0.0,37.7,0.0,0.0
2,0.58,0.35,0.15,6492160,0.3,2138890240,6807552,2145382400,1454080,28406,5.044286012649536,0,14203,0,14203,lo,0,interface_name,52594067,5.044286012649536,679548,28863145,333005,23730922,eth0,346543,interface_name,0,0.0,4.6,0.0,6.3,0.0,40.8,48.3,cpu_number,0.0,59.2,0.0,0.0,1,0.0,0.0,0.0,2.1,0.0,88.2,9.7,cpu_number,0.0,11.8,0.0,0.0,Linux,3.16.0-30-generic,Ubuntu 14.04,rabbitmqserver,64bit,Ubuntu 14.04 64bit,disk_name,5.0450279712677,0,0,sr0,disk_name,5.0450279712677,0,0,sda5,disk_name,5.0450279712677,0,0,sda2,disk_name,5.0450279712677,0,4096,sda1,/,ext4,823971840,mnt_point,6206062592,86.7,5382090752,/dev/sda1,336703488,1762144256,72196096,84.0,336703488,32153600,1750933504,2098847744,12050432,1,99,138,98,2.2,0.0,4.3,0.0,63.9,29.6,0.0,0.0,36.1,0.0,0.0
2,0.65,0.38,0.16,19922944,0.9,2125459456,20725760,2145382400,1454080,29536,5.050591945648193,0,14768,0,14768,lo,0,interface_name,53941398,5.050591945648193,676873,29523614,331991,24417784,eth0,344882,interface_name,0,0.0,5.0,0.0,6.6,0.0,39.2,49.1,cpu_number,0.0,60.8,0.0,0.0,1,0.0,0.0,0.0,1.9,0.0,89.3,8.9,cpu_number,0.0,10.7,0.0,0.0,Linux,rabbitmqserver,disk_name,5.077193021774292,0,0,sr0,disk_name,5.077193021774292,1454080,6807552,sda5,disk_name,5.077193021774292,0,0,sda2,disk_name,5.077193021774292,1372160,12288,sda1,/,ext4,823971840,mnt_point,6206062592,86.7,5382090752,/dev/sda1,89616384,2009231360,22396928,95.7,89616384,497811456,1471406080,2098847744,966656,1,99,138,98,2.6,0.2,6.4,0.0,59.0,31.8,0.0,0.0,40.9,0.0,0.0
2,0.65,0.38,0.16,19922944,0.9,2125459456,20725760,2145382400,1454080,29536,5.050591945648193,0,14768,0,14768,lo,0,interface_name,53941398,5.050591945648193,676873,29523614,331991,24417784,eth0,344882,interface_name,0,0.0,5.0,0.0,6.6,0.0,39.2,49.1,cpu_number,0.0,60.8,0.0,0.0,1,0.0,0.0,0.0,1.9,0.0,89.3,8.9,cpu_number,0.0,10.7,0.0,0.0,Linux,3.16.0-30-generic,Ubuntu 14.04,rabbitmqserver,64bit,Ubuntu 14.04 64bit,disk_name,5.045243978500366,0,0,sr0,disk_name,5.045243978500366,0,13918208,sda5,disk_name,5.045243978500366,0,0,sda2,disk_name,5.045243978500366,143360,0,sda1,/,ext4,823971840,mnt_point,6206062592,86.7,5382090752,/dev/sda1,94515200,2004332544,14336000,95.5,94515200,493826048,1461424128,2098847744,77824,1,99,138,98,2.6,0.0,4.3,0.0,63.6,29.5,0.0,0.0,36.5,0.0,0.0
2,0.68,0.39,0.17,19439616,0.9,2125942784,20725760,2145382400,1454080,29536,5.042420864105225,0,14768,0,14768,lo,0,interface_name,54613700,5.042420864105225,672302,29852817,329203,24760883,eth0,343099,interface_name,0,0.0,5.0,0.0,5.6,0.0,43.2,46.2,cpu_number,0.0,56.8,0.0,0.0,1,0.0,0.0,0.0,2.2,0.0,84.5,13.3,cpu_number,0.0,15.5,0.0,0.0,Linux,3.16.0-30-generic,Ubuntu 14.04,rabbitmqserver,64bit,Ubuntu 14.04 64bit,disk_name,5.04045295715332,0,0,sr0,disk_name,5.04045295715332,0,0,sda5,disk_name,5.04045295715332,0,0,sda2,disk_name,5.04045295715332,0,12288,sda1,/,ext4,823971840,mnt_point,6206062592,86.7,5382090752,/dev/sda1,121868288,1976979456,14364672,94.2,121868288,492244992,1435541504,2098847744,86016,1,99,138,98,2.6,0.0,3.8,0.0,63.6,29.9,0.0,0.0,36.4,0.0,0.0
2,0.7,0.4,0.17,18952192,0.9,2126430208,20725760,2145382400,1454080,29536,5.039542198181152,0,14768,0,14768,lo,0,interface_name,55267848,5.039542198181152,654148,30174089,321272,25093759,eth0,332876,interface_name,0,0.0,4.4,0.0,6.0,0.0,44.3,45.3,cpu_number,0.0,55.7,0.0,0.0,1,0.0,0.0,0.0,2.7,0.0,79.2,18.2,cpu_number,0.0,20.8,0.0,0.0,Linux,3.16.0-30-generic,Ubuntu 14.04,rabbitmqserver,64bit,Ubuntu 14.04 64bit,disk_name,5.0391459465026855,0,0,sr0,disk_name,5.0391459465026855,0,0,sda5,disk_name,5.0391459465026855,0,0,sda2,disk_name,5.0391459465026855,0,0,sda1,/,ext4,823971840,mnt_point,6206062592,86.7,5382090752,/dev/sda1,102064128,1996783616,14364672,95.1,102064128,492236800,1455517696,2098847744,86016,1,99,138,98,2.1,0.0,4.4,0.0,61.8,31.7,0.0,0.0,38.3,0.0,0.0
2,0.67,0.4,0.18,34086912,1.6,2111295488,36814848,2145382400,1642496,29536,5.043234825134277,0,14768,0,14768,lo,0,interface_name,56572465,5.043234825134277,632202,30814910,311560,25757555,eth0,320642,interface_name,0,0.0,4.6,0.2,5.2,0.0,43.9,46.1,cpu_number,0.0,56.1,0.0,0.0,1,0.0,0.0,0.0,4.4,0.0,75.2,20.5,cpu_number,0.0,24.8,0.0,0.0,Linux,rabbitmqserver,disk_name,5.041942119598389,0,0,sr0,disk_name,5.041942119598389,0,0,sda5,disk_name,5.041942119598389,0,0,sda2,disk_name,5.041942119598389,0,28672,sda1,/,ext4,823967744,mnt_point,6206062592,86.7,5382094848,/dev/sda1,85991424,2012856320,14368768,95.9,85991424,492204032,1471524864,2098847744,94208,1,99,138,98,1.9,0.0,4.5,0.0,63.5,30.2,0.0,0.0,36.5,0.0,0.0
2,0.78,0.43,0.19,32419840,1.5,2112962560,36843520,2145382400,3977216,29536,5.067604064941406,0,14768,0,14768,lo,0,interface_name,57244055,5.067604064941406,671590,31144681,329771,26099374,eth0,341819,interface_name,0,0.0,4.5,0.8,5.5,0.0,41.4,47.7,cpu_number,0.0,58.6,0.0,0.0,1,0.0,0.0,0.4,2.0,0.0,86.1,11.5,cpu_number,0.0,13.9,0.0,0.0,Linux,rabbitmqserver,disk_name,5.064100980758667,0,0,sr0,disk_name,5.064100980758667,364544,16089088,sda5,disk_name,5.064100980758667,0,0,sda2,disk_name,5.064100980758667,1822720,0,sda1,/,ext4,823967744,mnt_point,6206062592,86.7,5382094848,/dev/sda1,82288640,2016559104,7503872,96.1,82288640,395845632,1564389376,2098847744,90112,1,99,138,98,2.5,0.3,4.6,0.0,59.2,33.4,0.0,0.0,40.9,0.0,0.0
2,0.71,0.42,0.18,141266944,6.6,2004115456,151449600,2145382400,4685824,29536,5.04119610786438,0,14768,0,14768,lo,0,interface_name,57856880,5.04119610786438,612825,31449223,304542,26407657,eth0,308283,interface_name,0,0.0,5.0,8.5,4.8,0.0,37.2,44.5,cpu_number,0.0,62.8,0.0,0.0,1,0.0,0.0,8.0,3.9,0.0,83.7,4.3,cpu_number,0.0,16.3,0.0,0.0,Linux,rabbitmqserver,disk_name,5.0473408699035645,0,0,sr0,disk_name,5.0473408699035645,2158592,28672,sda5,disk_name,5.0473408699035645,0,0,sda2,disk_name,5.0473408699035645,159744,8192,sda1,/,ext4,823967744,mnt_point,6206062592,86.7,5382094848,/dev/sda1,76460032,2022387712,7737344,96.4,76460032,495108096,1471422464,2098847744,98304,1,99,138,98,2.2,0.4,3.9,0.0,63.5,30.0,0.0,0.0,36.5,0.0,0.0
2,0.82,0.45,0.19,137576448,6.4,2007805952,151478272,2145382400,8462336,29536,5.051030874252319,0,14768,0,14768,lo,0,interface_name,58529247,5.051030874252319,672367,31778455,329232,26750792,eth0,343135,interface_name,0,0.0,4.4,1.9,6.4,0.0,37.3,49.9,cpu_number,0.0,62.7,0.0,0.0,1,0.0,0.0,0.0,1.1,0.0,95.6,3.4,cpu_number,0.0,4.4,0.0,0.0,Linux,rabbitmqserver,disk_name,5.050304174423218,0,0,sr0,disk_name,5.050304174423218,868352,114606080,sda5,disk_name,5.050304174423218,0,0,sda2,disk_name,5.050304174423218,106496,12288,sda1,/,ext4,823971840,mnt_point,6206062592,86.7,5382090752,/dev/sda1,99618816,1999228928,7540736,95.3,99618816,489037824,1453142016,2098847744,77824,1,99,138,98,2.5,8.3,4.4,0.0,60.2,24.6,0.0,0.0,39.9,0.0,0.0
2,0.83,0.45,0.2,136388608,6.4,2008993792,151478272,2145382400,9601024,29536,5.042051076889038,0,14768,0,14768,lo,0,interface_name,59208356,5.042051076889038,679109,32110764,332309,27097592,eth0,346800,interface_name,0,0.0,4.7,1.0,6.1,0.0,36.9,51.4,cpu_number,0.0,63.1,0.0,0.0,1,0.0,0.0,0.0,1.0,0.0,95.2,3.7,cpu_number,0.0,4.8,0.0,0.0,Linux,rabbitmqserver,disk_name,5.04186487197876,0,0,sr0,disk_name,5.04186487197876,3616768,28672,sda5,disk_name,5.04186487197876,0,0,sda2,disk_name,5.04186487197876,45056,36864,sda1,/,ext4,823971840,mnt_point,6206062592,86.7,5382090752,/dev/sda1,95862784,2002984960,7557120,95.4,95862784,490541056,1455878144,2098847744,86016,1,99,138,98,2.3,0.9,3.9,0.0,65.3,27.6,0.0,0.0,34.6,0.0,0.0
2,0.84,0.46,0.2,157880320,7.4,1987502080,173830144,2145382400,10584064,29536,5.038671970367432,0,14768,0,14768,lo,0,interface_name,59879777,5.038671970367432,671421,32439613,328849,27440164,eth0,342572,interface_name,0,0.0,4.4,1.2,6.8,0.0,37.8,49.9,cpu_number,0.0,62.2,0.0,0.0,1,0.0,0.0,0.2,2.5,0.0,91.3,6.0,cpu_number,0.0,8.7,0.0,0.0,Linux,rabbitmqserver,disk_name,5.040942907333374,0,0,sr0,disk_name,5.040942907333374,1138688,0,sda5,disk_name,5.040942907333374,0,0,sda2,disk_name,5.040942907333374,0,12288,sda1,/,ext4,823971840,mnt_point,6206062592,86.7,5382090752,/dev/sda1,81727488,2017120256,7553024,96.1,81727488,493944832,1466494976,2098847744,94208,1,99,138,98,2.4,0.6,3.5,0.0,65.3,28.1,0.0,0.0,34.8,0.0,0.0
2,0.86,0.47,0.21,208252928,9.7,1937129472,225300480,2145382400,12001280,30666,5.059507131576538,1130,15333,565,15333,lo,565,interface_name,60533223,5.059507131576538,653446,32761329,321716,27771894,eth0,331730,interface_name,0,0.0,5.4,2.9,5.8,0.0,36.2,49.6,cpu_number,0.0,63.8,0.0,0.0,1,0.0,0.0,0.4,3.5,0.0,92.1,3.9,cpu_number,0.0,7.9,0.0,0.0,Linux,rabbitmqserver,disk_name,5.039563179016113,0,0,sr0,disk_name,5.039563179016113,983040,22351872,sda5,disk_name,5.039563179016113,0,0,sda2,disk_name,5.039563179016113,0,12288,sda1,/,ext4,823963648,mnt_point,6206062592,86.7,5382098944,/dev/sda1,80003072,2018844672,7516160,96.2,80003072,491663360,1470607360,2098847744,102400,1,99,138,98,2.2,0.7,4.8,0.0,63.7,28.5,0.0,0.0,36.0,0.0,0.0
2,0.87,0.48,0.21,334065664,15.6,1811316736,439742464,2145382400,98496512,30666,5.041079998016357,0,15333,0,15333,lo,0,interface_name,60865588,5.041079998016357,332365,32942681,181352,27922907,eth0,151013,interface_name,0,0.0,8.9,47.7,5.6,0.0,15.9,21.9,cpu_number,0.0,84.1,0.0,0.0,1,0.0,0.0,41.6,7.4,0.0,45.7,5.3,cpu_number,0.0,54.3,0.0,0.0,Linux,rabbitmqserver,disk_name,5.059025049209595,0,0,sr0,disk_name,5.059025049209595,1417216,51470336,sda5,disk_name,5.059025049209595,0,0,sda2,disk_name,5.059025049209595,45056,16384,sda1,/,ext4,823963648,mnt_point,6206062592,86.7,5382098944,/dev/sda1,87748608,2011099136,7536640,95.8,87748608,522305536,1432068096,2098847744,114688,1,99,138,98,2.8,1.6,4.6,0.0,63.5,27.4,0.0,0.0,36.6,0.0,0.0
2,0.88,0.49,0.22,316481536,14.8,1828900864,670769152,2145382400,341442560,0,0.0,8.9,47.7,5.6,0.0,15.9,21.9,cpu_number,0.0,84.1,0.0,0.0,1,0.0,0.0,41.6,7.4,0.0,45.7,5.3,cpu_number,0.0,54.3,0.0,0.0,Linux,3.16.0-30-generic,Ubuntu 14.04,rabbitmqserver,64bit,Ubuntu 14.04 64bit,disk_name,5.051571846008301,0,0,sr0,disk_name,5.051571846008301,87109632,214441984,sda5,disk_name,5.051571846008301,0,0,sda2,disk_name,5.051571846008301,28672,8192,sda1,/,ext4,823967744,mnt_point,6206062592,86.7,5382094848,/dev/sda1,81620992,2017226752,7155712,96.1,81620992,447168512,1512513536,2098847744,114688,2,99,138,97,4.6,44.7,6.5,0.0,30.4,13.8,0.0,0.0,69.4,0.0,0.0
2,0.88,0.49,0.22,316481536,14.8,1828900864,670769152,2145382400,341442560,30666,5.2071897983551025,0,15333,0,15333,lo,0,interface_name,61141407,5.2071897983551025,275819,33098843,156162,28042564,eth0,119657,interface_name,0,0.0,18.5,38.8,6.9,0.0,25.8,10.0,cpu_number,0.0,74.2,0.0,0.0,1,0.0,0.0,51.4,5.8,0.0,35.8,7.0,cpu_number,0.0,64.2,0.0,0.0,Linux,3.16.0-30-generic,Ubuntu 14.04,rabbitmqserver,64bit,Ubuntu 14.04 64bit,disk_name,5.231805086135864,0,0,sr0,disk_name,5.231805086135864,247025664,231026688,sda5,disk_name,5.231805086135864,0,0,sda2,disk_name,5.231805086135864,3313664,20480,sda1,/,ext4,823967744,mnt_point,6206062592,86.7,5382094848,/dev/sda1,77979648,2020868096,7499776,96.3,77979648,500576256,1465196544,2098847744,69632,1,99,138,98,9.7,45.0,6.3,0.0,30.4,8.6,0.0,0.0,69.6,0.0,0.0
2,0.97,0.52,0.23,391270400,18.2,1754112000,862781440,2145382400,493608960,30666,5.095637083053589,0,15333,0,15333,lo,0,interface_name,61402644,5.095637083053589,261237,33249071,150228,28153573,eth0,111009,interface_name,0,0.0,22.0,47.8,6.9,0.0,14.6,8.7,cpu_number,0.0,85.4,0.0,0.0,1,0.0,0.0,67.4,8.0,0.0,14.5,10.1,cpu_number,0.0,85.5,0.0,0.0,Linux,3.16.0-30-generic,Ubuntu 14.04,rabbitmqserver,64bit,Ubuntu 14.04 64bit,disk_name,5.07525897026062,0,0,sr0,disk_name,5.07525897026062,148549632,192012288,sda5,disk_name,5.07525897026062,0,0,sda2,disk_name,5.07525897026062,3104768,12288,sda1,/,ext4,823967744,mnt_point,6206062592,86.7,5382094848,/dev/sda1,79855616,2018992128,7397376,96.2,79855616,494268416,1469276160,2098847744,77824,2,99,138,97,11.3,57.6,7.6,0.0,14.5,9.0,0.0,0.0,85.4,0.0,0.0
2,1.05,0.55,0.24,452898816,21.1,1692483584,1156763648,2145382400,793907200,30666,5.067111015319824,0,15333,0,15333,lo,0,interface_name,62044522,5.067111015319824,398044,33601799,209479,28442723,eth0,188565,interface_name,0,0.0,10.7,29.8,7.9,0.0,35.6,15.9,cpu_number,0.0,64.4,0.0,0.0,1,0.0,0.0,31.5,5.6,0.0,47.4,15.5,cpu_number,0.0,52.6,0.0,0.0,Linux,rabbitmqserver,disk_name,5.74360990524292,0,0,sr0,disk_name,5.74360990524292,176963584,236417024,sda5,disk_name,5.74360990524292,0,0,sda2,disk_name,5.74360990524292,2658304,0,sda1,/,ext4,823959552,mnt_point,6206062592,86.7,5382103040,/dev/sda1,87855104,2010992640,7720960,95.8,87855104,492392448,1462755328,2098847744,69632,1,99,138,98,7.2,68.0,6.6,0.0,11.8,6.5,0.0,0.0,88.2,0.0,0.0
2,0.96,0.54,0.24,474648576,22.1,1670733824,1197289472,2145382400,821936128,30666,5.039959192276001,0,15333,0,15333,lo,0,interface_name,62503446,5.039959192276001,458924,33837794,235995,28665652,eth0,222929,interface_name,0,0.0,7.6,16.9,8.2,0.0,34.2,33.2,cpu_number,0.0,65.8,0.0,0.0,1,0.0,0.0,2.7,4.2,0.0,79.3,13.8,cpu_number,0.0,20.7,0.0,0.0,Linux,rabbitmqserver,disk_name,5.042976140975952,0,0,sr0,disk_name,5.042976140975952,122257408,57565184,sda5,disk_name,5.042976140975952,0,0,sda2,disk_name,5.042976140975952,86016,8192,sda1,/,ext4,823959552,mnt_point,6206062592,86.7,5382103040,/dev/sda1,76333056,2022514688,7475200,96.4,76333056,485670912,1480843264,2098847744,77824,1,99,138,98,5.3,30.4,6.7,0.0,41.7,15.9,0.0,0.0,58.3,0.0,0.0
2,0.89,0.53,0.24,478568448,22.3,1666813952,1217916928,2145382400,838422528,30666,5.050786972045898,0,15333,0,15333,lo,0,interface_name,63028655,5.050786972045898,525209,34103591,265797,28925064,eth0,259412,interface_name,0,0.0,6.4,10.8,6.8,0.0,38.6,37.5,cpu_number,0.0,61.4,0.0,0.0,1,0.0,0.0,1.2,4.8,0.0,76.1,17.9,cpu_number,0.0,23.9,0.0,0.0,Linux,rabbitmqserver,disk_name,5.049093961715698,0,0,sr0,disk_name,5.049093961715698,28037120,40525824,sda5,disk_name,5.049093961715698,0,0,sda2,disk_name,5.049093961715698,4096,16384,sda1,/,ext4,823959552,mnt_point,6206062592,86.7,5382103040,/dev/sda1,83378176,2015469568,7434240,96.0,83378176,502915072,1456685056,2098847744,86016,1,99,138,98,4.0,10.3,6.1,0.0,56.0,23.7,0.0,0.0,43.9,0.0,0.0
2,0.89,0.53,0.24,478568448,22.3,1666813952,1217916928,2145382400,838422528,30666,5.050786972045898,0,15333,0,15333,lo,0,interface_name,63028655,5.050786972045898,525209,34103591,265797,28925064,eth0,259412,interface_name,0,0.0,6.4,10.8,6.8,0.0,38.6,37.5,cpu_number,0.0,61.4,0.0,0.0,1,0.0,0.0,1.2,4.8,0.0,76.1,17.9,cpu_number,0.0,23.9,0.0,0.0,Linux,3.16.0-30-generic,Ubuntu 14.04,rabbitmqserver,64bit,Ubuntu 14.04 64bit,disk_name,5.041930913925171,0,0,sr0,disk_name,5.041930913925171,16478208,20627456,sda5,disk_name,5.041930913925171,0,0,sda2,disk_name,5.041930913925171,204800,8192,sda1,/,ext4,823963648,mnt_point,6206062592,86.7,5382098944,/dev/sda1,85426176,2013421568,7516160,95.9,85426176,513069056,1444573184,2098847744,90112,1,99,138,98,3.1,5.8,5.8,0.0,57.4,27.9,0.0,0.0,42.7,0.0,0.0
2,0.75,0.51,0.23,484990976,22.6,1660391424,1251762176,2145382400,856760320,30666,5.041685104370117,0,15333,0,15333,lo,0,interface_name,64202439,5.041685104370117,583823,34689179,291477,29513260,eth0,292346,interface_name,0,0.0,6.5,7.8,5.9,0.0,37.4,42.5,cpu_number,0.0,62.6,0.0,0.0,1,0.0,0.0,0.6,2.3,0.0,89.0,8.1,cpu_number,0.0,11.0,0.0,0.0,Linux,rabbitmqserver,disk_name,5.038429021835327,0,0,sr0,disk_name,5.038429021835327,11345920,2879488,sda5,disk_name,5.038429021835327,0,0,sda2,disk_name,5.038429021835327,45056,24576,sda1,/,ext4,823963648,mnt_point,6206062592,86.7,5382098944,/dev/sda1,76943360,2021904384,7561216,96.3,76943360,509337600,1456943104,2098847744,98304,1,99,138,98,3.9,3.7,4.4,0.0,62.4,25.8,0.0,0.0,37.7,0.0,0.0
2,0.75,0.51,0.23,484990976,22.6,1660391424,1251762176,2145382400,856760320,30666,5.041685104370117,0,15333,0,15333,lo,0,interface_name,64202439,5.041685104370117,583823,34689179,291477,29513260,eth0,292346,interface_name,0,0.0,6.5,7.8,5.9,0.0,37.4,42.5,cpu_number,0.0,62.6,0.0,0.0,1,0.0,0.0,0.6,2.3,0.0,89.0,8.1,cpu_number,0.0,11.0,0.0,0.0,Linux,3.16.0-30-generic,Ubuntu 14.04,rabbitmqserver,64bit,Ubuntu 14.04 64bit,disk_name,5.052487134933472,0,0,sr0,disk_name,5.052487134933472,7208960,30965760,sda5,disk_name,5.052487134933472,0,0,sda2,disk_name,5.052487134933472,0,12288,sda1,/,ext4,823963648,mnt_point,6206062592,86.7,5382098944,/dev/sda1,77025280,2021822464,7086080,96.3,77025280,500736000,1464750080,2098847744,86016,2,99,138,97,3.4,4.5,4.3,0.0,62.0,25.8,0.0,0.0,37.7,0.0,0.0
2,0.79,0.53,0.24,490545152,22.9,1654837248,1278431232,2145382400,867594240,30666,5.039573907852173,0,15333,0,15333,lo,0,interface_name,65403545,5.039573907852173,596134,35286051,296126,30117494,eth0,300008,interface_name,0,0.0,5.1,5.5,7.0,0.0,41.5,40.9,cpu_number,0.0,58.5,0.0,0.0,1,0.0,0.0,1.6,4.2,0.0,78.9,15.3,cpu_number,0.0,21.1,0.0,0.0,Linux,rabbitmqserver,disk_name,5.042428016662598,0,0,sr0,disk_name,5.042428016662598,5513216,0,sda5,disk_name,5.042428016662598,0,0,sda2,disk_name,5.042428016662598,0,12288,sda1,/,ext4,823955456,mnt_point,6206062592,86.7,5382107136,/dev/sda1,74608640,2024239104,7155712,96.4,74608640,500760576,1467097088,2098847744,94208,1,99,138,98,2.7,1.9,5.7,0.0,59.4,30.3,0.0,0.0,40.8,0.0,0.0
2,0.79,0.53,0.24,490545152,22.9,1654837248,1278431232,2145382400,867594240,30666,5.039573907852173,0,15333,0,15333,lo,0,interface_name,65403545,5.039573907852173,596134,35286051,296126,30117494,eth0,300008,interface_name,0,0.0,5.1,5.5,7.0,0.0,41.5,40.9,cpu_number,0.0,58.5,0.0,0.0,1,0.0,0.0,1.6,4.2,0.0,78.9,15.3,cpu_number,0.0,21.1,0.0,0.0,Linux,3.16.0-30-generic,Ubuntu 14.04,rabbitmqserver,64bit,Ubuntu 14.04 64bit,disk_name,5.040264844894409,0,0,sr0,disk_name,5.040264844894409,5103616,26669056,sda5,disk_name,5.040264844894409,0,0,sda2,disk_name,5.040264844894409,0,0,sda1,/,ext4,823955456,mnt_point,6206062592,86.7,5382107136,/dev/sda1,76414976,2022432768,7245824,96.4,76414976,497377280,1468739584,2098847744,94208,1,99,138,98,2.5,3.5,5.6,0.0,60.2,28.1,0.0,0.0,39.7,0.0,0.0
2,0.83,0.54,0.25,525344768,24.5,1620037632,1328345088,2145382400,875360256,31796,5.0498199462890625,0,15898,0,15898,lo,0,interface_name,66632850,5.0498199462890625,617077,35894918,305168,30737932,eth0,311909,interface_name,0,0.0,5.0,4.2,5.4,0.0,37.9,47.6,cpu_number,0.0,62.1,0.0,0.0,1,0.0,0.0,0.8,2.7,0.0,85.2,11.2,cpu_number,0.0,14.8,0.0,0.0,Linux,rabbitmqserver,disk_name,5.056118011474609,0,0,sr0,disk_name,5.056118011474609,4313088,20090880,sda5,disk_name,5.056118011474609,0,0,sda2,disk_name,5.056118011474609,40960,28672,sda1,/,ext4,823959552,mnt_point,6206062592,86.7,5382103040,/dev/sda1,81494016,2017353728,7159808,96.1,81494016,492105728,1468977152,2098847744,102400,1,98,137,97,2.6,1.8,5.8,0.0,59.4,30.4,0.0,0.0,40.7,0.0,0.0
2,0.84,0.55,0.25,540680192,25.2,1604702208,1349459968,2145382400,878460928,31796,5.041007041931152,0,15898,0,15898,lo,0,interface_name,67212831,5.041007041931152,579981,36184889,289971,31027942,eth0,290010,interface_name,0,0.0,5.0,4.8,6.4,0.0,42.1,41.7,cpu_number,0.0,57.9,0.0,0.0,1,0.0,0.0,0.8,4.7,0.0,75.6,18.9,cpu_number,0.0,24.4,0.0,0.0,Linux,rabbitmqserver,disk_name,5.046292066574097,0,0,sr0,disk_name,5.046292066574097,3481600,29822976,sda5,disk_name,5.046292066574097,0,0,sda2,disk_name,5.046292066574097,0,16384,sda1,/,ext4,823959552,mnt_point,6206062592,86.7,5382103040,/dev/sda1,92200960,2006646784,7053312,95.6,92200960,491921408,1458089984,2098847744,102400,1,98,137,97,2.5,2.6,4.1,0.0,61.0,29.8,0.0,0.0,39.1,0.0,0.0
2,0.84,0.55,0.25,540680192,25.2,1604702208,1349459968,2145382400,878460928,31796,5.041007041931152,0,15898,0,15898,lo,0,interface_name,67212831,5.041007041931152,579981,36184889,289971,31027942,eth0,290010,interface_name,0,0.0,5.0,4.8,6.4,0.0,42.1,41.7,cpu_number,0.0,57.9,0.0,0.0,1,0.0,0.0,0.8,4.7,0.0,75.6,18.9,cpu_number,0.0,24.4,0.0,0.0,Linux,3.16.0-30-generic,Ubuntu 14.04,rabbitmqserver,64bit,Ubuntu 14.04 64bit,disk_name,5.040277004241943,0,0,sr0,disk_name,5.040277004241943,3072000,21114880,sda5,disk_name,5.040277004241943,0,0,sda2,disk_name,5.040277004241943,0,12288,sda1,/,ext4,823959552,mnt_point,6206062592,86.7,5382103040,/dev/sda1,83832832,2015014912,7053312,96.0,83832832,490741760,1467453440,2098847744,110592,1,98,137,97,2.6,2.7,5.5,0.0,58.5,30.6,0.0,0.0,41.4,0.0,0.0
2,1.02,0.6,0.27,679407616,31.7,1465974784,1507377152,2145382400,897892352,31796,5.056342124938965,0,15898,0,15898,lo,0,interface_name,72603422,5.056342124938965,4775850,36780570,291302,35822852,eth0,4484548,interface_name,0,0.0,11.0,24.7,9.0,0.0,20.2,35.2,cpu_number,0.0,79.8,0.0,0.0,1,0.0,0.0,13.3,6.0,0.0,65.6,15.1,cpu_number,0.0,34.4,0.0,0.0,Linux,rabbitmqserver,disk_name,5.053955078125,0,0,sr0,disk_name,5.053955078125,2912256,38600704,sda5,disk_name,5.053955078125,0,0,sda2,disk_name,5.053955078125,0,12288,sda1,/,ext4,823951360,mnt_point,6206062592,86.7,5382111232,/dev/sda1,83865600,2014982144,7081984,96.0,83865600,490557440,1467658240,2098847744,118784,1,98,137,97,2.4,2.5,4.8,0.0,61.0,29.4,0.0,0.0,39.0,0.0,0.0
2,1.02,0.61,0.28,669949952,31.2,1475432448,1537482752,2145382400,935268352,31796,5.053407907485962,0,15898,0,15898,lo,0,interface_name,72668735,5.053407907485962,65313,36844900,64330,35823835,eth0,983,interface_name,0,0.0,10.9,24.8,11.5,0.0,14.1,38.7,cpu_number,0.0,85.9,0.0,0.0,1,0.0,0.0,3.8,7.4,0.0,68.7,20.0,cpu_number,0.0,31.3,0.0,0.0,Linux,rabbitmqserver,disk_name,5.050149917602539,0,0,sr0,disk_name,5.050149917602539,16752640,119316480,sda5,disk_name,5.050149917602539,0,0,sda2,disk_name,5.050149917602539,28672,8192,sda1,/,ext4,823955456,mnt_point,6206062592,86.7,5382107136,/dev/sda1,96198656,2002649088,6746112,95.4,96198656,495923200,1450438656,2098847744,118784,1,98,137,97,5.8,19.3,7.4,0.0,42.1,25.3,0.0,0.0,57.9,0.0,0.0
2,1.1,0.63,0.29,647278592,30.2,1498103808,1557213184,2145382400,980561920,31796,5.043576955795288,0,15898,0,15898,lo,0,interface_name,72732823,5.043576955795288,64088,36907689,62789,35825134,eth0,1299,interface_name,0,0.0,8.0,23.3,9.3,0.0,15.3,44.1,cpu_number,0.0,84.7,0.0,0.0,1,0.0,0.0,3.5,6.8,0.0,65.6,24.1,cpu_number,0.0,34.4,0.0,0.0,Linux,rabbitmqserver,disk_name,5.046057939529419,0,0,sr0,disk_name,5.046057939529419,37167104,30105600,sda5,disk_name,5.046057939529419,0,0,sda2,disk_name,5.046057939529419,77824,36864,sda1,/,ext4,823955456,mnt_point,6206062592,86.7,5382107136,/dev/sda1,87355392,2011492352,6778880,95.8,87355392,399683584,1555132416,2098847744,118784,1,98,137,97,5.6,14.6,9.7,0.0,40.4,29.7,0.0,0.0,59.5,0.0,0.0
2,1.09,0.64,0.29,703741952,32.8,1441640448,1651679232,2145382400,1022291968,31796,5.042807102203369,0,15898,0,15898,lo,0,interface_name,72796884,5.042807102203369,64061,36970827,63138,35826057,eth0,923,interface_name,0,0.0,7.7,28.6,10.5,0.0,14.7,38.5,cpu_number,0.0,85.3,0.0,0.0,1,0.0,0.0,9.5,8.4,0.0,62.4,19.7,cpu_number,0.0,37.6,0.0,0.0,Linux,rabbitmqserver,disk_name,5.044279098510742,0,0,sr0,disk_name,5.044279098510742,45318144,19730432,sda5,disk_name,5.044279098510742,0,0,sda2,disk_name,5.044279098510742,20480,12288,sda1,/,ext4,823955456,mnt_point,6206062592,86.7,5382107136,/dev/sda1,86458368,2012389376,6807552,95.9,86458368,499675136,1456459776,2098847744,122880,1,98,137,97,4.0,13.6,8.1,0.0,39.7,34.5,0.0,0.0,60.3,0.0,0.0
2,1.08,0.64,0.29,661078016,30.8,1484304384,1651679232,2145382400,1069940736,31796,5.068554878234863,0,15898,0,15898,lo,0,interface_name,72860700,5.068554878234863,63816,37033780,62953,35826920,eth0,863,interface_name,0,0.0,7.9,23.6,10.3,0.0,13.3,45.0,cpu_number,0.0,86.7,0.0,0.0,1,0.0,0.0,2.9,7.8,0.0,68.3,21.1,cpu_number,0.0,31.7,0.0,0.0,Linux,rabbitmqserver,disk_name,5.06662392616272,0,0,sr0,disk_name,5.06662392616272,41951232,94466048,sda5,disk_name,5.06662392616272,0,0,sda2,disk_name,5.06662392616272,266240,16384,sda1,/,ext4,823955456,mnt_point,6206062592,86.7,5382107136,/dev/sda1,92434432,2006413312,6696960,95.6,92434432,489762816,1459904512,2098847744,94208,1,98,137,97,4.1,19.8,9.5,0.0,37.4,29.2,0.0,0.0,62.6,0.0,0.0
2,1.16,0.66,0.3,631906304,29.5,1513476096,1668341760,2145382400,1130258432,31796,5.0450279712677,0,15898,0,15898,lo,0,interface_name,72925941,5.0450279712677,65241,37098098,64318,35827843,eth0,923,interface_name,0,0.0,7.4,22.3,9.0,0.0,18.2,43.0,cpu_number,0.0,81.8,0.0,0.0,1,0.0,0.0,3.2,11.0,0.0,55.9,29.9,cpu_number,0.0,44.1,0.0,0.0,Linux,rabbitmqserver,disk_name,5.043590068817139,0,0,sr0,disk_name,5.043590068817139,47411200,0,sda5,disk_name,5.043590068817139,0,0,sda2,disk_name,5.043590068817139,45056,0,sda1,/,ext4,823955456,mnt_point,6206062592,86.7,5382107136,/dev/sda1,80171008,2018676736,6791168,96.2,80171008,513974272,1448402944,2098847744,94208,1,98,137,97,4.2,13.4,9.1,0.0,39.4,33.8,0.0,0.0,60.6,0.0,0.0
2,1.16,0.66,0.3,631906304,29.5,1513476096,1668341760,2145382400,1130258432,31796,5.0450279712677,0,15898,0,15898,lo,0,interface_name,72925941,5.0450279712677,65241,37098098,64318,35827843,eth0,923,interface_name,0,0.0,7.4,22.3,9.0,0.0,18.2,43.0,cpu_number,0.0,81.8,0.0,0.0,1,0.0,0.0,3.2,11.0,0.0,55.9,29.9,cpu_number,0.0,44.1,0.0,0.0,Linux,3.16.0-30-generic,Ubuntu 14.04,rabbitmqserver,64bit,Ubuntu 14.04 64bit,disk_name,5.043849945068359,0,0,sr0,disk_name,5.043849945068359,60301312,16662528,sda5,disk_name,5.043849945068359,0,0,sda2,disk_name,5.043849945068359,0,8192,sda1,/,ext4,823947264,mnt_point,6206062592,86.7,5382115328,/dev/sda1,76959744,2021888000,6787072,96.3,76959744,509685760,1455443968,2098847744,98304,1,98,137,97,3.7,13.0,9.9,0.0,36.8,36.7,0.0,0.0,63.3,0.0,0.0
2,1.14,0.67,0.31,629350400,29.3,1516032000,1705562112,2145382400,1184129024,31796,5.040425062179565,0,15898,0,15898,lo,0,interface_name,72989701,5.040425062179565,63760,37160935,62837,35828766,eth0,923,interface_name,0,0.0,5.7,23.6,9.2,0.0,12.8,48.7,cpu_number,0.0,87.2,0.0,0.0,1,0.0,0.0,2.5,12.3,0.0,66.5,18.6,cpu_number,0.0,33.5,0.0,0.0,Linux,3.16.0-30-generic,Ubuntu 14.04,rabbitmqserver,64bit,Ubuntu 14.04 64bit,disk_name,5.04269003868103,0,0,sr0,disk_name,5.04269003868103,53866496,37220352,sda5,disk_name,5.04269003868103,0,0,sda2,disk_name,5.04269003868103,24576,4096,sda1,/,ext4,823947264,mnt_point,6206062592,86.7,5382115328,/dev/sda1,87482368,2011365376,6520832,95.8,87482368,446332928,1508311040,2098847744,77824,1,98,137,97,3.0,13.3,10.7,0.0,38.9,34.1,0.0,0.0,60.9,0.0,0.0
2,1.27,0.71,0.32,591982592,27.6,1553399808,1888411648,2145382400,1428271104,0,0.0,29.0,32.6,9.5,0.0,2.5,26.4,cpu_number,0.0,97.5,0.0,0.0,1,0.0,0.0,46.7,9.8,0.0,34.6,8.9,cpu_number,0.0,65.4,0.0,0.0,Linux,3.16.0-30-generic,Ubuntu 14.04,rabbitmqserver,64bit,Ubuntu 14.04 64bit,disk_name,5.10654091835022,0,0,sr0,disk_name,5.10654091835022,127750144,89493504,sda5,disk_name,5.10654091835022,0,0,sda2,disk_name,5.10654091835022,520192,36864,sda1,/,ext4,823947264,mnt_point,6206062592,86.7,5382115328,/dev/sda1,83587072,2015260672,6356992,96.0,83587072,491929600,1466040320,2098847744,81920,1,98,137,97,15.5,39.7,9.6,0.0,17.3,18.0,0.0,0.0,82.7,0.0,0.0
2,1.33,0.73,0.33,619896832,28.9,1525485568,2012692480,2145382400,1536909312,32926,5.122358083724976,0,16463,0,16463,lo,0,interface_name,73185835,5.122358083724976,65273,37353984,64350,35831851,eth0,923,interface_name,0,0.0,31.4,35.8,10.9,0.0,5.5,16.4,cpu_number,0.0,94.5,0.0,0.0,1,0.0,0.0,62.3,7.4,0.0,18.6,11.7,cpu_number,0.0,81.4,0.0,0.0,Linux,rabbitmqserver,disk_name,5.154721021652222,0,0,sr0,disk_name,5.154721021652222,118624256,93356032,sda5,disk_name,5.154721021652222,0,0,sda2,disk_name,5.154721021652222,1527808,24576,sda1,/,ext4,823947264,mnt_point,6206062592,86.7,5382115328,/dev/sda1,78737408,2020110336,6950912,96.2,78737408,498659328,1465397248,2098847744,77824,1,98,137,97,12.5,42.9,8.6,0.0,15.6,20.4,0.0,0.0,84.3,0.0,0.0
2,1.33,0.73,0.33,619896832,28.9,1525485568,2012692480,2145382400,1536909312,32926,5.122358083724976,0,16463,0,16463,lo,0,interface_name,73185835,5.122358083724976,65273,37353984,64350,35831851,eth0,923,interface_name,0,0.0,31.4,35.8,10.9,0.0,5.5,16.4,cpu_number,0.0,94.5,0.0,0.0,1,0.0,0.0,62.3,7.4,0.0,18.6,11.7,cpu_number,0.0,81.4,0.0,0.0,Linux,3.16.0-30-generic,Ubuntu 14.04,rabbitmqserver,64bit,Ubuntu 14.04 64bit,disk_name,5.1005189418792725,0,0,sr0,disk_name,5.1005189418792725,107094016,124280832,sda5,disk_name,5.1005189418792725,0,0,sda2,disk_name,5.1005189418792725,2121728,12288,sda1,/,ext4,823947264,mnt_point,6206062592,86.7,5382115328,/dev/sda1,78282752,2020564992,6897664,96.3,78282752,497623040,1466535936,2098847744,81920,1,98,137,97,16.7,48.1,9.1,0.0,11.6,14.6,0.0,0.0,88.5,0.0,0.0
2,1.44,0.78,0.35,614268928,28.6,1531113472,2241904640,2145382400,1802940416,32926,5.049072027206421,0,16463,0,16463,lo,0,interface_name,73316286,5.049072027206421,65164,37482649,64301,35833637,eth0,863,interface_name,0,0.0,29.5,37.4,9.5,0.0,1.7,21.7,cpu_number,0.2,98.3,0.0,0.0,1,0.0,0.0,55.8,8.8,0.0,29.5,5.8,cpu_number,0.0,70.5,0.0,0.0,Linux,rabbitmqserver,disk_name,5.149319171905518,0,0,sr0,disk_name,5.149319171905518,129032192,128499712,sda5,disk_name,5.149319171905518,0,0,sda2,disk_name,5.149319171905518,339968,12288,sda1,/,ext4,823934976,mnt_point,6206062592,86.7,5382127616,/dev/sda1,88367104,2010480640,6406144,95.8,88367104,480501760,1472565248,2098847744,81920,1,98,137,97,15.6,54.0,8.8,0.0,6.0,15.5,0.0,0.0,94.0,0.0,0.0
2,1.48,0.8,0.36,620789760,28.9,1524592640,2360332288,2145382400,1920413696,32926,5.086086988449097,0,16463,0,16463,lo,0,interface_name,73381532,5.086086988449097,65246,37546972,64323,35834560,eth0,923,interface_name,0,0.0,24.1,42.3,9.0,0.0,4.1,20.4,cpu_number,0.0,95.9,0.0,0.0,1,0.0,0.0,72.3,8.8,0.0,10.7,8.2,cpu_number,0.0,89.3,0.0,0.0,Linux,rabbitmqserver,disk_name,5.067552804946899,0,0,sr0,disk_name,5.067552804946899,136925184,100712448,sda5,disk_name,5.067552804946899,0,0,sda2,disk_name,5.067552804946899,1650688,0,sda1,/,ext4,823934976,mnt_point,6206062592,86.7,5382127616,/dev/sda1,84361216,2014486528,7041024,96.0,84361216,500637696,1457197056,2098847744,77824,1,98,137,97,15.9,45.8,9.3,0.0,14.6,14.2,0.0,0.1,85.3,0.0,0.0
2,1.48,0.8,0.36,620789760,28.9,1524592640,2360332288,2145382400,1920413696,32926,5.086086988449097,0,16463,0,16463,lo,0,interface_name,73381532,5.086086988449097,65246,37546972,64323,35834560,eth0,923,interface_name,0,0.0,24.1,42.3,9.0,0.0,4.1,20.4,cpu_number,0.0,95.9,0.0,0.0,1,0.0,0.0,72.3,8.8,0.0,10.7,8.2,cpu_number,0.0,89.3,0.0,0.0,Linux,3.16.0-30-generic,Ubuntu 14.04,rabbitmqserver,64bit,Ubuntu 14.04 64bit,disk_name,5.0892109870910645,0,0,sr0,disk_name,5.0892109870910645,117542912,118427648,sda5,disk_name,5.0892109870910645,0,0,sda2,disk_name,5.0892109870910645,2441216,12288,sda1,/,ext4,823934976,mnt_point,6206062592,86.7,5382127616,/dev/sda1,83070976,2015776768,6934528,96.0,83070976,473448448,1485578240,2098847744,81920,1,98,137,97,12.1,57.1,9.0,0.0,7.2,14.6,0.0,0.0,92.8,0.0,0.0
2,1.56,0.84,0.38,723714048,33.7,1421668352,2620534784,2145382400,2106937344,32926,5.0787670612335205,0,16463,0,16463,lo,0,interface_name,73512499,5.0787670612335205,65265,37675777,64402,35836722,eth0,863,interface_name,0,0.0,12.6,29.1,9.9,0.0,12.0,36.4,cpu_number,0.0,88.0,0.0,0.0,1,0.0,0.0,21.8,9.9,0.0,45.3,23.1,cpu_number,0.0,54.7,0.0,0.0,Linux,rabbitmqserver,disk_name,5.075106143951416,0,0,sr0,disk_name,5.075106143951416,120209408,145317888,sda5,disk_name,5.075106143951416,0,0,sda2,disk_name,5.075106143951416,1548288,0,sda1,/,ext4,823934976,mnt_point,6206062592,86.7,5382127616,/dev/sda1,81113088,2017734656,6762496,96.1,81113088,511283200,1449836544,2098847744,73728,1,98,137,97,9.0,58.0,9.6,0.0,9.6,13.8,0.0,0.0,90.4,0.0,0.0
2,1.52,0.84,0.38,717103104,33.4,1428279296,2657398784,2145382400,2139656192,32926,5.110423803329468,0,16463,0,16463,lo,0,interface_name,73577833,5.110423803329468,65334,37740188,64411,35837645,eth0,923,interface_name,0,0.0,7.9,16.4,7.9,0.0,20.7,47.1,cpu_number,0.0,79.3,0.0,0.0,1,0.0,0.0,5.8,9.7,0.0,52.4,32.1,cpu_number,0.0,47.6,0.0,0.0,Linux,rabbitmqserver,disk_name,5.1293230056762695,0,0,sr0,disk_name,5.1293230056762695,65622016,132173824,sda5,disk_name,5.1293230056762695,0,0,sda2,disk_name,5.1293230056762695,1220608,32768,sda1,/,ext4,823943168,mnt_point,6206062592,86.7,5382119424,/dev/sda1,98037760,2000809984,7450624,95.3,98037760,499163136,1444937728,2098847744,77824,2,98,137,96,6.3,25.5,10.1,0.0,28.3,29.9,0.0,0.0,71.8,0.0,0.0
2,1.47,0.84,0.38,700260352,32.6,1445122048,2687946752,2145382400,2191339520,32926,5.047661066055298,0,16463,0,16463,lo,0,interface_name,73643170,5.047661066055298,65337,37804542,64354,35838628,eth0,983,interface_name,0,0.0,10.6,24.7,10.0,0.0,15.5,39.3,cpu_number,0.0,84.5,0.0,0.0,1,0.0,0.0,4.8,11.0,0.0,59.0,25.3,cpu_number,0.0,41.0,0.0,0.0,Linux,rabbitmqserver,disk_name,5.041287899017334,0,0,sr0,disk_name,5.041287899017334,32714752,19574784,sda5,disk_name,5.041287899017334,0,0,sda2,disk_name,5.041287899017334,274432,0,sda1,/,ext4,823943168,mnt_point,6206062592,86.7,5382119424,/dev/sda1,87658496,2011189248,7639040,95.8,87658496,493862912,1461334016,2098847744,77824,1,98,137,97,3.9,11.0,8.5,0.0,36.5,40.1,0.0,0.0,63.5,0.0,0.0
2,1.52,0.86,0.39,698519552,32.6,1446862848,2725384192,2145382400,2233413632,32926,5.085134029388428,0,16463,0,16463,lo,0,interface_name,73708390,5.085134029388428,65220,37868899,64357,35839491,eth0,863,interface_name,0,0.0,9.8,20.9,10.8,0.0,15.5,43.0,cpu_number,0.0,84.5,0.0,0.0,1,0.0,0.0,5.7,9.4,0.0,59.2,25.7,cpu_number,0.0,40.8,0.0,0.0,Linux,rabbitmqserver,disk_name,5.085356950759888,0,0,sr0,disk_name,5.085356950759888,51916800,39141376,sda5,disk_name,5.085356950759888,0,0,sda2,disk_name,5.085356950759888,45056,12288,sda1,/,ext4,823930880,mnt_point,6206062592,86.7,5382131712,/dev/sda1,88264704,2010583040,7311360,95.8,88264704,491888640,1461858304,2098847744,86016,1,98,137,97,5.8,15.2,10.7,0.0,36.0,32.2,0.0,0.0,64.1,0.0,0.0
2,1.47,0.86,0.4,688353280,32.1,1457029120,2755051520,2145382400,2276626432,32926,5.051647901535034,0,16463,0,16463,lo,0,interface_name,73772304,5.051647901535034,63914,37931890,62991,35840414,eth0,923,interface_name,0,0.0,8.6,22.3,8.8,0.0,16.1,44.2,cpu_number,0.0,83.9,0.0,0.0,1,0.0,0.0,3.9,10.3,0.0,58.6,27.1,cpu_number,0.0,41.4,0.0,0.0,Linux,rabbitmqserver,disk_name,5.0478880405426025,0,0,sr0,disk_name,5.0478880405426025,41840640,28844032,sda5,disk_name,5.0478880405426025,0,0,sda2,disk_name,5.0478880405426025,0,8192,sda1,/,ext4,823930880,mnt_point,6206062592,86.7,5382131712,/dev/sda1,80220160,2018627584,6848512,96.2,80220160,502480896,1459179520,2098847744,94208,1,98,137,97,4.8,13.6,10.0,0.0,36.5,35.1,0.0,0.0,63.5,0.0,0.0
2,1.44,0.87,0.4,691351552,32.2,1454030848,2793541632,2145382400,2314649600,34056,5.0508201122283936,1130,17028,565,17028,lo,565,interface_name,73838027,5.0508201122283936,65723,37996314,64424,35841713,eth0,1299,interface_name,0,0.0,8.9,24.4,9.3,0.0,13.4,43.9,cpu_number,0.0,86.6,0.0,0.0,1,0.0,0.0,3.9,8.4,0.0,64.1,23.5,cpu_number,0.0,35.9,0.0,0.0,Linux,rabbitmqserver,disk_name,5.058379173278809,0,0,sr0,disk_name,5.058379173278809,43212800,30294016,sda5,disk_name,5.058379173278809,0,0,sda2,disk_name,5.058379173278809,0,4096,sda1,/,ext4,823930880,mnt_point,6206062592,86.7,5382131712,/dev/sda1,77529088,2021318656,6807552,96.3,77529088,511328256,1452998656,2098847744,94208,2,99,138,97,4.6,13.6,9.7,0.0,36.4,35.7,0.0,0.0,63.6,0.0,0.0
2,1.4,0.87,0.4,680898560,31.7,1464483840,2831368192,2145382400,2356269056,34056,5.065393924713135,0,17028,0,17028,lo,0,interface_name,73913524,5.065393924713135,75497,38070888,74574,35842636,eth0,923,interface_name,0,0.0,11.4,24.5,9.0,0.0,12.7,42.4,cpu_number,0.0,87.3,0.0,0.0,1,0.0,0.0,3.5,9.2,0.0,64.0,23.4,cpu_number,0.0,36.0,0.0,0.0,Linux,rabbitmqserver,disk_name,5.057102918624878,0,0,sr0,disk_name,5.057102918624878,38223872,37863424,sda5,disk_name,5.057102918624878,0,0,sda2,disk_name,5.057102918624878,274432,1007616,sda1,/,ext4,822882304,mnt_point,6206062592,86.7,5383180288,/dev/sda1,81436672,2017411072,7757824,96.1,81436672,495640576,1465720832,2098847744,241664,1,99,138,98,4.7,14.6,8.8,0.0,38.0,34.0,0.0,0.0,62.1,0.0,0.0
2,1.4,0.87,0.4,680898560,31.7,1464483840,2831368192,2145382400,2356269056,34056,5.065393924713135,0,17028,0,17028,lo,0,interface_name,73913524,5.065393924713135,75497,38070888,74574,35842636,eth0,923,interface_name,0,0.0,11.4,24.5,9.0,0.0,12.7,42.4,cpu_number,0.0,87.3,0.0,0.0,1,0.0,0.0,3.5,9.2,0.0,64.0,23.4,cpu_number,0.0,36.0,0.0,0.0,Linux,3.16.0-30-generic,Ubuntu 14.04,rabbitmqserver,64bit,Ubuntu 14.04 64bit,disk_name,5.0522730350494385,0,0,sr0,disk_name,5.0522730350494385,41426944,37826560,sda5,disk_name,5.0522730350494385,0,0,sda2,disk_name,5.0522730350494385,28672,0,sda1,/,ext4,822882304,mnt_point,6206062592,86.7,5383180288,/dev/sda1,75038720,2023809024,7716864,96.4,75038720,497401856,1470717952,2098847744,196608,1,99,138,98,5.9,14.5,9.0,0.0,37.1,33.5,0.0,0.0,62.9,0.0,0.0
2,1.45,0.89,0.41,665538560,31.0,1479843840,2852229120,2145382400,2393563136,34056,5.042071104049683,0,17028,0,17028,lo,0,interface_name,73987592,5.042071104049683,74068,38144033,73145,35843559,eth0,923,interface_name,0,0.0,11.1,21.8,9.2,0.0,12.4,45.5,cpu_number,0.0,87.6,0.0,0.0,1,0.0,0.0,3.3,9.3,0.0,65.4,22.0,cpu_number,0.0,34.6,0.0,0.0,Linux,3.16.0-30-generic,Ubuntu 14.04,rabbitmqserver,64bit,Ubuntu 14.04 64bit,disk_name,5.054631948471069,0,0,sr0,disk_name,5.054631948471069,37535744,20860928,sda5,disk_name,5.054631948471069,0,0,sda2,disk_name,5.054631948471069,0,12288,sda1,/,ext4,822870016,mnt_point,6206062592,86.7,5383192576,/dev/sda1,78544896,2020302848,7368704,96.3,78544896,507977728,1455894528,2098847744,204800,2,99,138,97,5.9,13.3,9.1,0.0,37.0,34.8,0.0,0.0,63.1,0.0,0.0
2,1.38,0.89,0.42,677801984,31.6,1467580416,2933989376,2145382400,2467581952,34056,5.0431249141693115,0,17028,0,17028,lo,0,interface_name,74172676,5.0431249141693115,92469,38324669,90298,35848007,eth0,2171,interface_name,0,0.0,10.2,20.3,10.4,0.0,15.5,43.6,cpu_number,0.0,84.5,0.0,0.0,1,0.0,0.0,6.0,11.2,0.0,51.9,30.9,cpu_number,0.0,48.1,0.0,0.0,Linux,rabbitmqserver,disk_name,5.042993068695068,0,0,sr0,disk_name,5.042993068695068,36270080,52936704,sda5,disk_name,5.042993068695068,0,0,sda2,disk_name,5.042993068695068,4096,90112,sda1,/,ext4,822882304,mnt_point,6206062592,86.7,5383180288,/dev/sda1,88358912,2010488832,6651904,95.8,88358912,465944576,1487630336,2098847744,208896,1,99,138,98,6.6,13.7,9.6,0.0,35.6,34.5,0.0,0.0,64.3,0.0,0.0
2,1.38,0.89,0.42,677801984,31.6,1467580416,2933989376,2145382400,2467581952,34056,5.0431249141693115,0,17028,0,17028,lo,0,interface_name,74172676,5.0431249141693115,92469,38324669,90298,35848007,eth0,2171,interface_name,0,0.0,10.2,20.3,10.4,0.0,15.5,43.6,cpu_number,0.0,84.5,0.0,0.0,1,0.0,0.0,6.0,11.2,0.0,51.9,30.9,cpu_number,0.0,48.1,0.0,0.0,Linux,3.16.0-30-generic,Ubuntu 14.04,rabbitmqserver,64bit,Ubuntu 14.04 64bit,disk_name,5.050729990005493,0,0,sr0,disk_name,5.050729990005493,37703680,28823552,sda5,disk_name,5.050729990005493,0,0,sda2,disk_name,5.050729990005493,0,32768,sda1,/,ext4,822882304,mnt_point,6206062592,86.7,5383180288,/dev/sda1,78209024,2020638720,6561792,96.3,78209024,509534208,1453867008,2098847744,106496,1,99,138,98,5.3,13.5,10.9,0.0,33.0,37.3,0.0,0.0,66.9,0.0,0.0
2,1.43,0.91,0.43,699305984,32.6,1446076416,2991157248,2145382400,2503958528,34056,5.055926084518433,0,17028,0,17028,lo,0,interface_name,74266802,5.055926084518433,94126,38417866,93197,35848936,eth0,929,interface_name,0,0.0,13.0,20.0,9.3,0.0,11.8,45.8,cpu_number,0.0,88.2,0.0,0.0,1,0.0,0.0,6.8,8.4,0.0,62.5,22.3,cpu_number,0.0,37.5,0.0,0.0,Linux,3.16.0-30-generic,Ubuntu 14.04,rabbitmqserver,64bit,Ubuntu 14.04 64bit,disk_name,5.049383878707886,0,0,sr0,disk_name,5.049383878707886,36204544,57167872,sda5,disk_name,5.049383878707886,0,0,sda2,disk_name,5.049383878707886,73728,36864,sda1,/,ext4,822882304,mnt_point,6206062592,86.7,5383180288,/dev/sda1,91103232,2007744512,6578176,95.7,91103232,492924928,1456959488,2098847744,86016,1,99,138,98,7.0,13.8,8.7,0.0,35.6,35.0,0.0,0.0,64.5,0.0,0.0
2,1.44,0.93,0.44,673480704,31.4,1471901696,3035414528,2145382400,2565345280,34056,5.049583196640015,0,17028,0,17028,lo,0,interface_name,74422808,5.049583196640015,74173,38571524,73250,35851284,eth0,923,interface_name,0,0.0,6.7,13.0,8.2,0.0,20.1,52.1,cpu_number,0.0,79.9,0.0,0.0,1,0.0,0.0,4.7,9.3,0.0,49.7,36.3,cpu_number,0.0,50.3,0.0,0.0,Linux,rabbitmqserver,disk_name,5.044974088668823,0,0,sr0,disk_name,5.044974088668823,36007936,21987328,sda5,disk_name,5.044974088668823,0,0,sda2,disk_name,5.044974088668823,0,0,sda1,/,ext4,822882304,mnt_point,6206062592,86.7,5383180288,/dev/sda1,79196160,2019651584,6475776,96.2,79196160,493563904,1468907520,2098847744,86016,1,99,138,98,5.2,12.0,10.6,0.0,32.8,39.4,0.0,0.0,67.2,0.0,0.0
2,1.41,0.93,0.44,671453184,31.3,1473929216,3064172544,2145382400,2597462016,34056,5.048715829849243,0,17028,0,17028,lo,0,interface_name,74496937,5.048715829849243,74129,38644790,73266,35852147,eth0,863,interface_name,0,0.0,9.3,21.0,9.9,0.0,14.1,45.8,cpu_number,0.0,85.9,0.0,0.0,1,0.0,0.0,2.9,11.6,0.0,64.8,20.7,cpu_number,0.0,35.2,0.0,0.0,Linux,rabbitmqserver,disk_name,5.054365873336792,0,0,sr0,disk_name,5.054365873336792,25362432,22269952,sda5,disk_name,5.054365873336792,0,0,sda2,disk_name,5.054365873336792,16384,12288,sda1,/,ext4,822882304,mnt_point,6206062592,86.7,5383180288,/dev/sda1,79273984,2019573760,6549504,96.2,79273984,465895424,1496412160,2098847744,86016,1,99,138,98,3.4,8.9,8.8,0.0,34.6,44.3,0.0,0.0,65.4,0.0,0.0
2,1.46,0.95,0.45,644296704,30.0,1501085696,3077566464,2145382400,2630987776,34056,5.051115989685059,0,17028,0,17028,lo,0,interface_name,74572555,5.051115989685059,75618,38719485,74695,35853070,eth0,923,interface_name,0,0.0,9.5,22.5,11.1,0.0,10.3,46.5,cpu_number,0.0,89.7,0.0,0.0,1,0.0,0.0,2.6,7.7,0.0,66.5,23.2,cpu_number,0.0,33.5,0.0,0.0,Linux,rabbitmqserver,disk_name,5.051324129104614,0,0,sr0,disk_name,5.051324129104614,32243712,28758016,sda5,disk_name,5.051324129104614,0,0,sda2,disk_name,5.051324129104614,0,12288,sda1,/,ext4,822870016,mnt_point,6206062592,86.7,5383192576,/dev/sda1,84144128,2014703616,6553600,96.0,84144128,474316800,1483198464,2098847744,94208,1,99,138,98,5.0,12.5,10.6,0.0,38.2,33.8,0.0,0.0,61.8,0.0,0.0
2,1.46,0.95,0.45,644296704,30.0,1501085696,3077566464,2145382400,2630987776,34056,5.051115989685059,0,17028,0,17028,lo,0,interface_name,74572555,5.051115989685059,75618,38719485,74695,35853070,eth0,923,interface_name,0,0.0,9.5,22.5,11.1,0.0,10.3,46.5,cpu_number,0.0,89.7,0.0,0.0,1,0.0,0.0,2.6,7.7,0.0,66.5,23.2,cpu_number,0.0,33.5,0.0,0.0,Linux,3.16.0-30-generic,Ubuntu 14.04,rabbitmqserver,64bit,Ubuntu 14.04 64bit,disk_name,5.043730974197388,0,0,sr0,disk_name,5.043730974197388,33386496,13393920,sda5,disk_name,5.043730974197388,0,0,sda2,disk_name,5.043730974197388,45056,8192,sda1,/,ext4,822870016,mnt_point,6206062592,86.7,5383192576,/dev/sda1,77787136,2021060608,6610944,96.3,77787136,497831936,1465524224,2098847744,102400,2,99,138,97,5.1,12.7,10.0,0.0,37.2,34.9,0.0,0.0,62.5,0.0,0.0
2,1.42,0.95,0.45,656748544,30.6,1488633856,3127898112,2145382400,2662031360,34056,5.07957911491394,0,17028,0,17028,lo,0,interface_name,74722299,5.07957911491394,149744,38867503,148018,35854796,eth0,1726,interface_name,0,0.0,8.7,21.3,10.6,0.0,13.4,45.9,cpu_number,0.0,86.6,0.0,0.0,1,0.0,0.0,3.6,12.2,0.0,59.5,24.7,cpu_number,0.0,40.5,0.0,0.0,Linux,3.16.0-30-generic,Ubuntu 14.04,rabbitmqserver,64bit,Ubuntu 14.04 64bit,disk_name,5.082428932189941,0,0,sr0,disk_name,5.082428932189941,31051776,50331648,sda5,disk_name,5.082428932189941,0,0,sda2,disk_name,5.082428932189941,380928,12288,sda1,/,ext4,822878208,mnt_point,6206062592,86.7,5383184384,/dev/sda1,86822912,2012024832,6778880,95.9,86822912,497512448,1457664000,2098847744,94208,1,99,138,98,4.3,12.7,10.9,0.0,35.9,36.2,0.0,0.0,64.3,0.0,0.0
2,1.43,0.97,0.46,631738368,29.4,1513644032,3161128960,2145382400,2722357248,35186,5.045080184936523,1130,17593,565,17593,lo,565,interface_name,74797720,5.045080184936523,1226,38941041,206,35856679,eth0,1020,interface_name,0,0.0,8.8,19.4,8.2,0.0,15.2,48.3,cpu_number,0.0,84.8,0.0,0.0,1,0.0,0.0,4.2,9.7,0.0,59.1,27.0,cpu_number,0.0,40.9,0.0,0.0,Linux,rabbitmqserver,disk_name,5.049926042556763,0,0,sr0,disk_name,5.049926042556763,28434432,0,sda5,disk_name,5.049926042556763,0,0,sda2,disk_name,5.049926042556763,0,20480,sda1,/,ext4,822878208,mnt_point,6206062592,86.7,5383184384,/dev/sda1,75390976,2023456768,6742016,96.4,75390976,525926400,1440645120,2098847744,102400,1,99,138,98,4.2,10.9,9.2,0.0,35.9,39.7,0.0,0.0,64.1,0.0,0.0
2,1.39,0.97,0.47,618209280,28.8,1527173120,3193114624,2145382400,2755174400,35186,5.053401947021484,0,17593,0,17593,lo,0,interface_name,74939584,5.053401947021484,141864,39063556,122515,35876028,eth0,19349,interface_name,0,0.0,7.9,20.2,10.7,0.0,15.6,45.7,cpu_number,0.0,84.4,0.0,0.0,1,0.0,0.0,5.3,8.8,0.0,56.5,29.4,cpu_number,0.0,43.5,0.0,0.0,Linux,rabbitmqserver,disk_name,5.045972108840942,0,0,sr0,disk_name,5.045972108840942,31891456,33230848,sda5,disk_name,5.045972108840942,0,0,sda2,disk_name,5.045972108840942,888832,4096,sda1,/,ext4,822878208,mnt_point,6206062592,86.7,5383184384,/dev/sda1,81362944,2017484800,7454720,96.1,81362944,506417152,1454555136,2098847744,290816,1,99,138,98,4.5,12.2,9.2,0.0,36.1,38.1,0.0,0.0,64.0,0.0,0.0
2,1.44,0.98,0.47,618700800,28.8,1526681600,3221409792,2145382400,2784518144,35186,5.0773279666900635,0,17593,0,17593,lo,0,interface_name,79616448,5.0773279666900635,4676864,42191667,3128111,37424781,eth0,1548753,interface_name,0,0.0,9.0,19.6,9.4,0.0,15.8,46.2,cpu_number,0.0,84.2,0.0,0.0,1,0.0,0.0,5.0,10.3,0.0,58.0,26.7,cpu_number,0.0,42.0,0.0,0.0,Linux,rabbitmqserver,disk_name,5.083484888076782,0,0,sr0,disk_name,5.083484888076782,33021952,31985664,sda5,disk_name,5.083484888076782,0,0,sda2,disk_name,5.083484888076782,188416,28672,sda1,/,ext4,822865920,mnt_point,6206062592,86.7,5383196672,/dev/sda1,87494656,2011353088,7380992,95.8,87494656,469413888,1485791232,2098847744,315392,1,99,138,98,4.2,13.6,9.6,0.0,34.9,37.7,0.0,0.0,65.1,0.0,0.0
2,1.49,1.0,0.48,622837760,29.0,1522544640,3250827264,2145382400,2811707392,35186,5.050350904464722,0,17593,0,17593,lo,0,interface_name,137311297,5.050350904464722,57694849,76768292,34576625,60543005,eth0,23118224,interface_name,0,0.0,21.9,10.8,12.0,0.0,10.5,44.5,cpu_number,0.2,89.5,0.0,0.0,1,0.0,0.0,10.2,13.3,0.0,29.3,47.1,cpu_number,0.0,70.7,0.0,0.0,Linux,rabbitmqserver,disk_name,5.048893928527832,0,0,sr0,disk_name,5.048893928527832,29151232,28295168,sda5,disk_name,5.048893928527832,0,0,sda2,disk_name,5.048893928527832,139264,1118208,sda1,/,ext4,821825536,mnt_point,6206062592,86.8,5384237056,/dev/sda1,88145920,2010701824,8093696,95.8,88145920,492003328,1468624896,2098847744,307200,1,99,138,98,4.6,12.0,9.8,0.0,36.3,37.2,0.0,0.0,63.8,0.0,0.0
2,1.45,1.0,0.49,623554560,29.1,1521827840,3364749312,2145382400,2928832512,35186,5.043195009231567,0,17593,0,17593,lo,0,interface_name,143492447,5.043195009231567,6181150,82619335,5851043,60873112,eth0,330107,interface_name,0,0.0,12.7,43.6,11.5,0.0,7.5,24.7,cpu_number,0.0,92.5,0.0,0.0,1,0.0,0.0,57.7,10.2,0.0,25.1,7.0,cpu_number,0.0,74.9,0.0,0.0,Linux,rabbitmqserver,disk_name,5.047924995422363,0,0,sr0,disk_name,5.047924995422363,27168768,29417472,sda5,disk_name,5.047924995422363,0,0,sda2,disk_name,5.047924995422363,0,45056,sda1,/,ext4,821825536,mnt_point,6206062592,86.8,5384237056,/dev/sda1,88973312,2009874432,7700480,95.8,88973312,498630656,1460805632,2098847744,315392,1,99,138,98,11.2,10.7,12.8,0.0,19.7,45.5,0.0,0.1,80.2,0.0,0.0
2,1.45,1.0,0.49,623554560,29.1,1521827840,3364749312,2145382400,2928832512,35186,5.0557990074157715,0,17593,0,17593,lo,0,interface_name,143874880,5.0557990074157715,382433,82702552,83217,61172328,eth0,299216,interface_name,0,0.0,14.2,57.1,11.8,0.0,8.0,8.8,cpu_number,0.0,92.0,0.0,0.0,1,0.0,0.0,81.8,10.3,0.0,1.3,6.6,cpu_number,0.0,98.7,0.0,0.0,Linux,rabbitmqserver,disk_name,5.054849147796631,0,0,sr0,disk_name,5.054849147796631,117727232,113922048,sda5,disk_name,5.054849147796631,0,0,sda2,disk_name,5.054849147796631,8192,4096,sda1,/,ext4,821813248,mnt_point,6206062592,86.8,5384249344,/dev/sda1,76648448,2022199296,6950912,96.3,76648448,498450432,1471934464,2098847744,159744,2,99,138,97,6.1,51.1,10.8,0.0,16.6,15.3,0.0,0.0,83.4,0.0,0.0
2,1.49,1.02,0.49,582242304,27.1,1563140096,3498778624,2145382400,3065028608,35186,5.0557990074157715,0,17593,0,17593,lo,0,interface_name,143874880,5.0557990074157715,382433,82702552,83217,61172328,eth0,299216,interface_name,0,0.0,14.2,57.1,11.8,0.0,8.0,8.8,cpu_number,0.0,92.0,0.0,0.0,1,0.0,0.0,81.8,10.3,0.0,1.3,6.6,cpu_number,0.0,98.7,0.0,0.0,Linux,3.16.0-30-generic,Ubuntu 14.04,rabbitmqserver,64bit,Ubuntu 14.04 64bit,disk_name,5.04963493347168,0,0,sr0,disk_name,5.04963493347168,135880704,134029312,sda5,disk_name,5.04963493347168,0,0,sda2,disk_name,5.04963493347168,98304,16384,sda1,/,ext4,821813248,mnt_point,6206062592,86.8,5384249344,/dev/sda1,86605824,2012241920,6561792,95.9,86605824,494096384,1466105856,2098847744,73728,1,99,138,98,6.6,70.1,11.1,0.0,4.4,7.8,0.0,0.0,95.5,0.0,0.0
2,1.57,1.05,0.51,573362176,26.7,1572020224,3766710272,2145382400,3292725248,35186,5.079383134841919,0,17593,0,17593,lo,0,interface_name,144946375,5.079383134841919,381813,83164799,81424,61781576,eth0,300389,interface_name,Linux,3.16.0-30-generic,Ubuntu 14.04,rabbitmqserver,64bit,Ubuntu 14.04 64bit,disk_name,5.137911081314087,0,0,sr0,disk_name,5.137911081314087,114298880,133992448,sda5,disk_name,5.137911081314087,0,0,sda2,disk_name,5.137911081314087,1306624,45056,sda1,/,ext4,821809152,mnt_point,6206062592,86.8,5384253440,/dev/sda1,85016576,2013831168,6631424,95.9,85016576,491716608,1469087744,2098847744,73728,2,99,138,97,5.8,63.8,11.8,0.0,2.1,16.4,0.0,0.0,97.9,0.0,0.0
2,1.6,1.06,0.52,382099456,17.8,1763282944,3824967680,2145382400,3383869440,35186,5.078632831573486,0,17593,0,17593,lo,0,interface_name,145329054,5.078632831573486,382679,83246819,82020,62082235,eth0,300659,interface_name,0,0.0,20.4,33.5,13.5,0.0,2.0,30.7,cpu_number,0.0,98.0,0.0,0.0,1,0.0,0.0,53.2,9.3,0.0,0.5,37.1,cpu_number,0.0,99.5,0.0,0.0,Linux,rabbitmqserver,disk_name,5.072455883026123,0,0,sr0,disk_name,5.072455883026123,113692672,133939200,sda5,disk_name,5.072455883026123,0,0,sda2,disk_name,5.072455883026123,1114112,20480,sda1,/,ext4,821817344,mnt_point,6206062592,86.8,5384245248,/dev/sda1,83046400,2015801344,6975488,96.0,83046400,495931392,1467191296,2098847744,77824,1,99,138,98,11.0,58.8,10.4,0.0,1.6,18.2,0.0,0.0,98.4,0.0,0.0
2,1.64,1.08,0.53,348536832,16.2,1796845568,3891294208,2145382400,3466760192,35186,5.052749156951904,0,17593,0,17593,lo,0,interface_name,147138422,5.052749156951904,1809368,84736509,1489690,62401913,eth0,319678,interface_name,0,0.0,17.2,25.7,8.5,0.0,1.1,47.5,cpu_number,0.0,98.9,0.0,0.0,1,0.0,0.0,55.2,10.5,0.0,0.4,33.9,cpu_number,0.0,99.6,0.0,0.0,Linux,rabbitmqserver,disk_name,5.062462091445923,0,0,sr0,disk_name,5.062462091445923,90578944,58257408,sda5,disk_name,5.062462091445923,0,0,sda2,disk_name,5.062462091445923,610304,28672,sda1,/,ext4,821817344,mnt_point,6206062592,86.8,5384245248,/dev/sda1,117473280,1981374464,6873088,94.4,117473280,504815616,1423511552,2098847744,73728,1,99,138,98,10.4,43.1,11.5,0.0,1.2,33.8,0.0,0.0,98.8,0.0,0.0
2,1.64,1.08,0.53,348536832,16.2,1796845568,3891294208,2145382400,3466760192,35186,5.052749156951904,0,17593,0,17593,lo,0,interface_name,147138422,5.052749156951904,1809368,84736509,1489690,62401913,eth0,319678,interface_name,0,0.0,17.2,25.7,8.5,0.0,1.1,47.5,cpu_number,0.0,98.9,0.0,0.0,1,0.0,0.0,55.2,10.5,0.0,0.4,33.9,cpu_number,0.0,99.6,0.0,0.0,Linux,3.16.0-30-generic,Ubuntu 14.04,rabbitmqserver,64bit,Ubuntu 14.04 64bit,disk_name,5.068649053573608,0,0,sr0,disk_name,5.068649053573608,83238912,66326528,sda5,disk_name,5.068649053573608,0,0,sda2,disk_name,5.068649053573608,49152,36864,sda1,/,ext4,821817344,mnt_point,6206062592,86.8,5384245248,/dev/sda1,89870336,2008977408,6930432,95.7,89870336,487084032,1470824448,2098847744,81920,1,99,138,98,8.5,40.3,9.6,0.0,0.7,40.9,0.0,0.0,99.3,0.0,0.0
2,1.67,1.1,0.53,259235840,12.1,1886146560,3891294208,2145382400,3500384256,35186,5.070281982421875,0,17593,0,17593,lo,0,interface_name,148959671,5.070281982421875,1821249,86244424,1507915,62715247,eth0,313334,interface_name,0,0.0,12.7,10.9,9.5,0.0,6.7,60.3,cpu_number,0.0,93.3,0.0,0.0,1,0.0,0.0,15.3,12.0,0.0,12.0,60.8,cpu_number,0.0,88.0,0.0,0.0,Linux,3.16.0-30-generic,Ubuntu 14.04,rabbitmqserver,64bit,Ubuntu 14.04 64bit,disk_name,5.053915977478027,0,0,sr0,disk_name,5.053915977478027,33255424,0,sda5,disk_name,5.053915977478027,0,0,sda2,disk_name,5.053915977478027,864256,24576,sda1,/,ext4,821817344,mnt_point,6206062592,86.8,5384245248,/dev/sda1,219361280,1879486464,7757824,89.5,219361280,490704896,1338744832,2098847744,90112,1,99,138,98,6.5,12.9,10.6,0.0,9.4,60.5,0.0,0.0,90.7,0.0,0.0
2,1.69,1.11,0.54,255283200,11.9,1890099200,3891294208,2145382400,3500605440,35186,5.041559934616089,0,17593,0,17593,lo,0,interface_name,149654613,5.041559934616089,694942,86632959,388535,63021654,eth0,306407,interface_name,0,0.0,0.0,0.2,0.8,0.0,94.7,4.3,cpu_number,0.0,5.3,0.0,0.0,1,0.0,0.0,0.0,0.8,0.0,97.0,2.2,cpu_number,0.0,3.0,0.0,0.0,Linux,3.16.0-30-generic,Ubuntu 14.04,rabbitmqserver,64bit,Ubuntu 14.04 64bit,disk_name,5.041659832000732,0,0,sr0,disk_name,5.041659832000732,221184,0,sda5,disk_name,5.041659832000732,0,0,sda2,disk_name,5.041659832000732,49152,16384,sda1,/,ext4,821817344,mnt_point,6206062592,86.8,5384245248,/dev/sda1,244441088,1854406656,7733248,88.4,244441088,490844160,1314021376,2098847744,90112,1,99,138,98,0.0,0.1,0.6,0.0,96.0,3.2,0.0,0.0,4.1,0.0,0.0
2,1.56,1.09,0.54,208146432,9.7,1937235968,3891294208,2145382400,3542908928,36316,5.038449048995972,1130,18158,565,18158,lo,565,interface_name,150374143,5.038449048995972,719530,87044440,411481,63329703,eth0,308049,interface_name,0,0.0,1.3,18.0,4.2,0.0,75.2,1.3,cpu_number,0.0,24.8,0.0,0.0,1,0.0,0.0,13.5,1.4,0.0,84.1,1.0,cpu_number,0.0,15.9,0.0,0.0,Linux,3.16.0-30-generic,Ubuntu 14.04,rabbitmqserver,64bit,Ubuntu 14.04 64bit,disk_name,5.039821147918701,0,0,sr0,disk_name,5.039821147918701,42307584,0,sda5,disk_name,5.039821147918701,0,0,sda2,disk_name,5.039821147918701,40960,16384,sda1,/,ext4,821805056,mnt_point,6206062592,86.8,5384257536,/dev/sda1,241860608,1856987136,7823360,88.5,241860608,533270528,1274351616,2098847744,98304,1,99,138,98,0.6,15.7,2.9,0.0,79.8,1.0,0.0,0.0,20.2,0.0,0.0
2,1.43,1.07,0.54,200908800,9.4,1944473600,3891294208,2145382400,3543040000,36316,5.058099985122681,0,18158,0,18158,lo,0,interface_name,150747236,5.058099985122681,373093,87269619,225179,63477617,eth0,147914,interface_name,0,0.0,0.2,0.2,0.0,0.0,98.8,0.8,cpu_number,0.0,1.2,0.0,0.0,1,0.0,0.0,0.2,0.4,0.0,98.6,0.8,cpu_number,0.0,1.4,0.0,0.0,Linux,3.16.0-30-generic,Ubuntu 14.04,rabbitmqserver,64bit,Ubuntu 14.04 64bit,disk_name,5.056843996047974,0,0,sr0,disk_name,5.056843996047974,126976,0,sda5,disk_name,5.056843996047974,0,0,sda2,disk_name,5.056843996047974,0,40960,sda1,/,ext4,821813248,mnt_point,6206062592,86.8,5384249344,/dev/sda1,261496832,1837350912,7872512,87.5,261496832,533176320,1255006208,2098847744,106496,1,99,138,98,0.1,0.0,0.2,0.0,98.8,0.9,0.0,0.0,1.2,0.0,0.0
2,1.32,1.06,0.53,198823936,9.3,1946558464,3891294208,2145382400,3543052288,36316,5.044348955154419,0,18158,0,18158,lo,0,interface_name,150822359,5.044348955154419,75123,87343489,73870,63478870,eth0,1253,interface_name,0,0.0,0.0,0.0,0.4,0.0,98.6,1.0,cpu_number,0.0,1.4,0.0,0.0,1,0.0,0.0,0.0,0.2,0.0,99.0,0.8,cpu_number,0.0,1.0,0.0,0.0,Linux,3.16.0-30-generic,Ubuntu 14.04,rabbitmqserver,64bit,Ubuntu 14.04 64bit,disk_name,5.044291019439697,0,0,sr0,disk_name,5.044291019439697,12288,0,sda5,disk_name,5.044291019439697,0,0,sda2,disk_name,5.044291019439697,0,24576,sda1,/,ext4,821813248,mnt_point,6206062592,86.8,5384249344,/dev/sda1,253472768,1845374976,7835648,87.9,253472768,533106688,1262882816,2098847744,106496,1,99,138,98,0.0,0.0,0.2,0.0,99.0,0.8,0.0,0.0,1.1,0.0,0.0
2,1.21,1.04,0.53,198795264,9.3,1946587136,3891294208,2145382400,3543080960,36316,5.042133092880249,0,18158,0,18158,lo,0,interface_name,150896823,5.042133092880249,74464,87417030,73541,63479793,eth0,923,interface_name,0,0.0,0.0,0.0,0.0,0.0,100.0,0.0,cpu_number,0.0,0.0,0.0,0.0,1,0.0,0.0,0.0,0.2,0.0,98.6,1.2,cpu_number,0.0,1.4,0.0,0.0,Linux,3.16.0-30-generic,Ubuntu 14.04,rabbitmqserver,64bit,Ubuntu 14.04 64bit,disk_name,5.042287826538086,0,0,sr0,disk_name,5.042287826538086,28672,0,sda5,disk_name,5.042287826538086,0,0,sda2,disk_name,5.042287826538086,0,16384,sda1,/,ext4,821813248,mnt_point,6206062592,86.8,5384249344,/dev/sda1,261849088,1836998656,7827456,87.5,261849088,533127168,1254637568,2098847744,114688,1,99,138,98,0.0,0.1,0.2,0.0,99.1,0.6,0.0,0.0,0.8,0.0,0.0
2,1.11,1.02,0.53,198709248,9.3,1946673152,3891294208,2145382400,3543216128,36316,5.041646957397461,0,18158,0,18158,lo,0,interface_name,150974438,5.041646957397461,77615,87491870,74840,63482568,eth0,2775,interface_name,0,0.0,0.2,0.2,0.4,0.0,98.4,0.8,cpu_number,0.0,1.6,0.0,0.0,1,0.0,0.0,0.0,0.0,0.0,99.8,0.2,cpu_number,0.0,0.2,0.0,0.0,Linux,3.16.0-30-generic,Ubuntu 14.04,rabbitmqserver,64bit,Ubuntu 14.04 64bit,disk_name,5.042474031448364,0,0,sr0,disk_name,5.042474031448364,135168,0,sda5,disk_name,5.042474031448364,0,0,sda2,disk_name,5.042474031448364,409600,16384,sda1,/,ext4,821813248,mnt_point,6206062592,86.8,5384249344,/dev/sda1,261259264,1837588480,8241152,87.6,261259264,533663744,1255026688,2098847744,126976,1,99,138,98,0.1,0.1,0.2,0.0,99.0,0.6,0.0,0.0,1.1,0.0,0.0
2,1.19,1.04,0.53,198696960,9.3,1946685440,3891294208,2145382400,3543228416,36316,5.04279088973999,0,18158,0,18158,lo,0,interface_name,151056460,5.04279088973999,82022,87572671,80801,63483789,eth0,1221,interface_name,0,0.0,0.0,0.0,0.2,0.0,99.6,0.2,cpu_number,0.0,0.4,0.0,0.0,1,0.0,0.0,0.2,0.2,0.0,98.8,0.8,cpu_number,0.0,1.2,0.0,0.0,Linux,3.16.0-30-generic,Ubuntu 14.04,rabbitmqserver,64bit,Ubuntu 14.04 64bit,disk_name,5.041943073272705,0,0,sr0,disk_name,5.041943073272705,12288,0,sda5,disk_name,5.041943073272705,0,0,sda2,disk_name,5.041943073272705,0,8192,sda1,/,ext4,821800960,mnt_point,6206062592,86.8,5384261632,/dev/sda1,261402624,1837445120,8249344,87.5,261402624,532807680,1255825408,2098847744,126976,1,99,138,98,0.0,0.0,0.2,0.0,99.4,0.4,0.0,0.0,0.5,0.0,0.0
