load_cpucore,load_min1,load_min5,load_min15,memswap_used,memswap_percent,memswap_free,memswap_sout,memswap_total,memswap_sin,network_lo_cumulative_cx,network_lo_time_since_update,network_lo_cx,network_lo_cumulative_tx,network_lo_tx,network_lo_cumulative_rx,network_lo_interface_name,network_lo_rx,network_lo_key,network_eth0_cumulative_cx,network_eth0_time_since_update,network_eth0_cx,network_eth0_cumulative_tx,network_eth0_tx,network_eth0_cumulative_rx,network_eth0_interface_name,network_eth0_rx,network_eth0_key,percpu_0_cpu_number,percpu_0_guest_nice,percpu_0_softirq,percpu_0_iowait,percpu_0_system,percpu_0_guest,percpu_0_idle,percpu_0_user,percpu_0_key,percpu_0_irq,percpu_0_total,percpu_0_steal,percpu_0_nice,percpu_1_cpu_number,percpu_1_guest_nice,percpu_1_softirq,percpu_1_iowait,percpu_1_system,percpu_1_guest,percpu_1_idle,percpu_1_user,percpu_1_key,percpu_1_irq,percpu_1_total,percpu_1_steal,percpu_1_nice,system_os_name,system_hostname,diskio_sr0_key,diskio_sr0_time_since_update,diskio_sr0_read_bytes,diskio_sr0_write_bytes,diskio_sr0_disk_name,diskio_sda5_key,diskio_sda5_time_since_update,diskio_sda5_read_bytes,diskio_sda5_write_bytes,diskio_sda5_disk_name,diskio_sda2_key,diskio_sda2_time_since_update,diskio_sda2_read_bytes,diskio_sda2_write_bytes,diskio_sda2_disk_name,diskio_sda1_key,diskio_sda1_time_since_update,diskio_sda1_read_bytes,diskio_sda1_write_bytes,diskio_sda1_disk_name,fs_/_mnt_point,fs_/_fs_type,fs_/_free,fs_/_key,fs_/_size,fs_/_percent,fs_/_used,fs_/_device_name,mem_available,mem_used,mem_cached,mem_percent,mem_free,mem_inactive,mem_active,mem_total,mem_buffers,processcount_running,processcount_total,processcount_thread,processcount_sleeping,cpu_softirq,cpu_iowait,cpu_system,cpu_guest,cpu_idle,cpu_user,cpu_guest_nice,cpu_irq,cpu_total,cpu_steal,cpu_nice
2,0.03,0.03,0.02,0,0.0,2145382400,0,2145382400,0,25016,5.046352863311768,1130,12508,565,12508,lo,565,interface_name,5283567,5.046352863311768,579124,5205005,572526,78562,eth0,6598,interface_name,0,0.0,0.0,0.0,0.6,0.0,98.2,1.2,cpu_number,0.0,1.8,0.0,0.0,1,0.0,0.0,0.0,0.2,0.0,99.4,0.4,cpu_number,0.0,0.6,0.0,0.0,Linux,3.16.0-30-generic,Ubuntu 14.04,rabbitmqserver,64bit,Ubuntu 14.04 64bit,disk_name,5.046638011932373,0,0,sr0,disk_name,5.046638011932373,0,0,sda5,disk_name,5.046638011932373,0,0,sda2,disk_name,5.046638011932373,0,61440,sda1,/,ext4,824004608,mnt_point,6206062592,86.7,5382057984,/dev/sda1,1966407680,132440064,72163328,6.3,1966407680,32145408,129814528,2098847744,11821056,1,98,137,97,0.0,0.0,0.2,0.0,99.0,0.8,0.0,0.0,1.1,0.0,0.0
2,0.03,0.03,0.02,0,0.0,2145382400,0,2145382400,0,25016,5.042078018188477,0,12508,0,12508,lo,0,interface_name,5792282,5.042078018188477,508715,5492266,287261,300016,eth0,221454,interface_name,0,0.0,0.2,0.0,0.4,0.0,98.2,1.2,cpu_number,0.0,1.8,0.0,0.0,1,0.0,0.0,0.0,0.2,0.0,99.2,0.6,cpu_number,0.0,0.8,0.0,0.0,Linux,3.16.0-30-generic,Ubuntu 14.04,rabbitmqserver,64bit,Ubuntu 14.04 64bit,disk_name,5.042071104049683,0,0,sr0,disk_name,5.042071104049683,0,0,sda5,disk_name,5.042071104049683,0,0,sda2,disk_name,5.042071104049683,0,12288,sda1,/,ext4,824004608,mnt_point,6206062592,86.7,5382057984,/dev/sda1,1967955968,130891776,72155136,6.2,1967955968,32141312,128061440,2098847744,11829248,1,97,1,137,96,0.1,0.3,0.5,0.0,98.3,0.8,0.0,0.0,1.3,0.0,0.0
2,0.03,0.02,0.02,0,0.0,2145382400,0,2145382400,0,25016,5.04721212387085,0,12508,0,12508,lo,0,interface_name,6490597,5.04721212387085,698315,5883666,391400,606931,eth0,306915,interface_name,0,0.0,0.4,0.0,0.4,0.0,98.6,0.6,cpu_number,0.0,1.4,0.0,0.0,1,0.0,0.0,1.4,0.2,0.0,98.2,0.2,cpu_number,0.0,1.8,0.0,0.0,Linux,3.16.0-30-generic,Ubuntu 14.04,rabbitmqserver,64bit,Ubuntu 14.04 64bit,disk_name,5.047136068344116,0,0,sr0,disk_name,5.047136068344116,0,0,sda5,disk_name,5.047136068344116,0,0,sda2,disk_name,5.047136068344116,0,4096,sda1,/,ext4,824000512,mnt_point,6206062592,86.7,5382062080,/dev/sda1,1969397760,129449984,72163328,6.2,1969397760,32141312,126525440,2098847744,11829248,1,98,137,97,0.2,0.4,0.3,0.0,98.7,0.4,0.0,0.0,1.7,0.0,0.0
2,0.02,0.02,0.02,0,0.0,2145382400,0,2145382400,0,25016,5.042832851409912,0,12508,0,12508,lo,0,interface_name,14188030,5.042832851409912,7013895,12323116,6062259,1864914,eth0,951636,interface_name,0,0.0,0.6,0.0,1.0,0.0,96.2,2.2,cpu_number,0.0,3.8,0.0,0.0,1,0.0,0.0,0.0,0.2,0.0,98.8,1.0,cpu_number,0.0,1.2,0.0,0.0,Linux,rabbitmqserver,disk_name,5.042452812194824,0,0,sr0,disk_name,5.042452812194824,0,0,sda5,disk_name,5.042452812194824,0,0,sda2,disk_name,5.042452812194824,0,32768,sda1,/,ext4,824004608,mnt_point,6206062592,86.7,5382057984,/dev/sda1,1969414144,129433600,72159232,6.2,1969414144,32145408,126820352,2098847744,11837440,1,98,137,97,0.1,0.0,0.3,0.0,98.8,0.8,0.0,0.0,1.2,0.0,0.0
2,0.02,0.02,0.02,0,0.0,2145382400,0,2145382400,0,25016,5.042832851409912,0,12508,0,12508,lo,0,interface_name,14188030,5.042832851409912,7013895,12323116,6062259,1864914,eth0,951636,interface_name,0,0.0,0.6,0.0,1.0,0.0,96.2,2.2,cpu_number,0.0,3.8,0.0,0.0,1,0.0,0.0,0.0,0.2,0.0,98.8,1.0,cpu_number,0.0,1.2,0.0,0.0,Linux,3.16.0-30-generic,Ubuntu 14.04,rabbitmqserver,64bit,Ubuntu 14.04 64bit,disk_name,5.0424041748046875,0,0,sr0,disk_name,5.0424041748046875,0,0,sda5,disk_name,5.0424041748046875,0,0,sda2,disk_name,5.0424041748046875,0,4096,sda1,/,ext4,824004608,mnt_point,6206062592,86.7,5382057984,/dev/sda1,1966227456,132620288,72167424,6.3,1966227456,32141312,129474560,2098847744,11837440,1,98,137,97,0.3,0.0,0.6,0.0,97.3,1.8,0.0,0.0,2.6,0.0,0.0
2,0.18,0.06,0.03,0,0.0,2145382400,0,2145382400,0,25016,5.039667129516602,0,12508,0,12508,lo,0,interface_name,65346849,5.039667129516602,51158819,58145340,45822224,7201509,eth0,5336595,interface_name,0,0.0,3.2,0.0,4.4,0.0,87.5,5.0,cpu_number,0.0,12.5,0.0,0.0,1,0.0,0.0,0.2,1.8,0.0,89.7,8.3,cpu_number,0.0,10.3,0.0,0.0,Linux,3.16.0-30-generic,Ubuntu 14.04,rabbitmqserver,64bit,Ubuntu 14.04 64bit,disk_name,5.039873838424683,0,0,sr0,disk_name,5.039873838424683,0,0,sda5,disk_name,5.039873838424683,0,0,sda2,disk_name,5.039873838424683,0,28672,sda1,/,ext4,824004608,mnt_point,6206062592,86.7,5382057984,/dev/sda1,1952894976,145952768,72159232,7.0,1952894976,32141312,142675968,2098847744,11845632,1,98,137,97,1.6,0.1,3.1,0.0,88.6,6.7,0.0,0.0,11.3,0.0,0.0
2,0.17,0.06,0.03,0,0.0,2145382400,0,2145382400,0,25016,5.041606903076172,0,12508,0,12508,lo,0,interface_name,117197314,5.041606903076172,51850465,104589638,46444298,12607676,eth0,5406167,interface_name,0,0.0,3.4,0.0,3.8,0.0,88.5,4.2,cpu_number,0.0,11.5,0.0,0.0,1,0.0,0.0,0.0,2.0,0.0,89.2,8.9,cpu_number,0.0,10.8,0.0,0.0,Linux,3.16.0-30-generic,Ubuntu 14.04,rabbitmqserver,64bit,Ubuntu 14.04 64bit,disk_name,5.042271137237549,0,0,sr0,disk_name,5.042271137237549,0,0,sda5,disk_name,5.042271137237549,0,0,sda2,disk_name,5.042271137237549,0,24576,sda1,/,ext4,824008704,mnt_point,6206062592,86.7,5382053888,/dev/sda1,1940676608,158171136,72159232,7.5,1940676608,32141312,154779648,2098847744,11853824,1,98,137,97,1.7,0.0,2.9,0.0,88.8,6.7,0.0,0.0,11.2,0.0,0.0
2,0.15,0.05,0.03,0,0.0,2145382400,0,2145382400,0,25016,5.046215057373047,0,12508,0,12508,lo,0,interface_name,169167931,5.046215057373047,51970617,151139901,46550263,18028030,eth0,5420354,interface_name,0,0.0,3.0,0.2,3.4,0.0,88.8,4.6,cpu_number,0.0,11.2,0.0,0.0,1,0.0,0.0,0.0,1.8,0.0,89.7,8.5,cpu_number,0.0,10.3,0.0,0.0,Linux,3.16.0-30-generic,Ubuntu 14.04,rabbitmqserver,64bit,Ubuntu 14.04 64bit,disk_name,5.045874834060669,0,0,sr0,disk_name,5.045874834060669,0,0,sda5,disk_name,5.045874834060669,0,0,sda2,disk_name,5.045874834060669,0,8192,sda1,/,ext4,824000512,mnt_point,6206062592,86.7,5382062080,/dev/sda1,1927610368,171237376,72167424,8.2,1927610368,32141312,168001536,2098847744,11853824,1,98,137,97,1.5,0.0,2.6,0.0,89.4,6.5,0.0,0.0,10.7,0.0,0.0
2,0.2,0.07,0.03,0,0.0,2145382400,0,2145382400,0,25016,5.0458149909973145,0,12508,0,12508,lo,0,interface_name,221140485,5.0458149909973145,51972554,197685998,46546097,23454487,eth0,5426457,interface_name,0,0.0,3.2,0.2,4.8,0.0,86.1,5.7,cpu_number,0.0,13.9,0.0,0.0,1,0.0,0.0,0.0,2.0,0.0,90.9,7.2,cpu_number,0.0,9.1,0.0,0.0,Linux,3.16.0-30-generic,Ubuntu 14.04,rabbitmqserver,64bit,Ubuntu 14.04 64bit,disk_name,5.045529127120972,0,0,sr0,disk_name,5.045529127120972,0,0,sda5,disk_name,5.045529127120972,0,0,sda2,disk_name,5.045529127120972,0,32768,sda1,/,ext4,824000512,mnt_point,6206062592,86.7,5382062080,/dev/sda1,1925771264,173076480,72171520,8.2,1925771264,32141312,169422848,2098847744,11862016,1,98,137,97,1.7,0.1,3.5,0.0,88.3,6.4,0.0,0.0,11.6,0.0,0.0
2,0.19,0.07,0.03,0,0.0,2145382400,0,2145382400,0,25016,5.04023289680481,0,12508,0,12508,lo,0,interface_name,273115048,5.04023289680481,51974563,244233406,46547408,28881642,eth0,5427155,interface_name,0,0.0,3.7,0.0,4.7,0.0,85.2,6.4,cpu_number,0.0,14.8,0.0,0.0,1,0.0,0.0,0.0,2.2,0.0,89.9,7.9,cpu_number,0.0,10.1,0.0,0.0,Linux,3.16.0-30-generic,Ubuntu 14.04,rabbitmqserver,64bit,Ubuntu 14.04 64bit,disk_name,5.040302991867065,0,0,sr0,disk_name,5.040302991867065,0,0,sda5,disk_name,5.040302991867065,0,0,sda2,disk_name,5.040302991867065,0,12288,sda1,/,ext4,824000512,mnt_point,6206062592,86.7,5382062080,/dev/sda1,1905053696,193794048,72163328,9.2,1905053696,32137216,190300160,2098847744,11870208,1,98,137,97,1.8,0.0,3.3,0.0,87.8,7.1,0.0,0.0,12.4,0.0,0.0
2,0.25,0.08,0.04,0,0.0,2145382400,0,2145382400,0,25016,5.04256010055542,0,12508,0,12508,lo,0,interface_name,325211251,5.04256010055542,52096203,290893274,46659868,34317977,eth0,5436335,interface_name,0,0.0,3.3,0.0,4.5,0.0,85.2,7.0,cpu_number,0.0,14.8,0.0,0.0,1,0.0,0.0,0.0,2.4,0.0,89.9,7.7,cpu_number,0.0,10.1,0.0,0.0,Linux,3.16.0-30-generic,Ubuntu 14.04,rabbitmqserver,64bit,Ubuntu 14.04 64bit,disk_name,5.042557954788208,0,0,sr0,disk_name,5.042557954788208,0,0,sda5,disk_name,5.042557954788208,0,0,sda2,disk_name,5.042557954788208,0,0,sda1,/,ext4,824000512,mnt_point,6206062592,86.7,5382062080,/dev/sda1,1903427584,195420160,72171520,9.3,1903427584,32137216,191377408,2098847744,11870208,1,98,137,97,1.8,0.0,3.5,0.0,87.4,7.3,0.0,0.0,12.5,0.0,0.0
2,0.23,0.08,0.04,0,0.0,2145382400,0,2145382400,0,25016,5.047499895095825,0,12508,0,12508,lo,0,interface_name,377240826,5.047499895095825,52029575,337494447,46601173,39746379,eth0,5428402,interface_name,0,0.0,3.0,0.0,4.8,0.0,86.9,5.4,cpu_number,0.0,13.1,0.0,0.0,1,0.0,0.0,0.0,2.0,0.0,90.7,7.3,cpu_number,0.0,9.3,0.0,0.0,Linux,3.16.0-30-generic,Ubuntu 14.04,rabbitmqserver,64bit,Ubuntu 14.04 64bit,disk_name,5.047753095626831,0,0,sr0,disk_name,5.047753095626831,0,0,sda5,disk_name,5.047753095626831,0,0,sda2,disk_name,5.047753095626831,0,8192,sda1,/,ext4,824000512,mnt_point,6206062592,86.7,5382062080,/dev/sda1,1900781568,198066176,72163328,9.4,1900781568,32137216,194596864,2098847744,11878400,1,99,138,98,1.5,0.0,3.4,0.0,88.6,6.5,0.0,0.0,11.3,0.0,0.0
2,0.27,0.1,0.04,0,0.0,2145382400,0,2145382400,0,26146,5.045950174331665,0,13073,0,13073,lo,0,interface_name,481410107,5.045950174331665,52089948,430789116,46653174,50620991,eth0,5436774,interface_name,0,0.0,4.6,0.0,3.4,0.0,88.1,4.0,cpu_number,0.0,11.9,0.0,0.0,1,0.0,0.0,0.0,2.8,0.0,88.5,8.7,cpu_number,0.0,11.5,0.0,0.0,Linux,rabbitmqserver,disk_name,5.04508900642395,0,0,sr0,disk_name,5.04508900642395,0,0,sda5,disk_name,5.04508900642395,0,0,sda2,disk_name,5.04508900642395,0,4096,sda1,/,ext4,824000512,mnt_point,6206062592,86.7,5382062080,/dev/sda1,1889812480,209035264,72171520,10.0,1889812480,32137216,205078528,2098847744,11878400,1,99,138,98,1.1,0.0,3.4,0.0,88.6,6.9,0.0,0.0,11.4,0.0,0.0
2,0.27,0.1,0.04,0,0.0,2145382400,0,2145382400,0,26146,5.045950174331665,0,13073,0,13073,lo,0,interface_name,481410107,5.045950174331665,52089948,430789116,46653174,50620991,eth0,5436774,interface_name,0,0.0,4.6,0.0,3.4,0.0,88.1,4.0,cpu_number,0.0,11.9,0.0,0.0,1,0.0,0.0,0.0,2.8,0.0,88.5,8.7,cpu_number,0.0,11.5,0.0,0.0,Linux,3.16.0-30-generic,Ubuntu 14.04,rabbitmqserver,64bit,Ubuntu 14.04 64bit,disk_name,5.047209024429321,0,0,sr0,disk_name,5.047209024429321,0,0,sda5,disk_name,5.047209024429321,0,0,sda2,disk_name,5.047209024429321,0,28672,sda1,/,ext4,823996416,mnt_point,6206062592,86.7,5382066176,/dev/sda1,1881055232,217792512,72163328,10.4,1881055232,32137216,214179840,2098847744,11886592,1,99,138,98,2.2,0.0,3.0,0.0,88.7,6.2,0.0,0.0,11.6,0.0,0.0
2,0.25,0.09,0.04,0,0.0,2145382400,0,2145382400,0,26146,5.042621850967407,0,13073,0,13073,lo,0,interface_name,533499419,5.042621850967407,52089312,477443482,46654366,56055937,eth0,5434946,interface_name,0,0.0,3.6,0.0,4.9,0.0,86.0,5.5,cpu_number,0.0,14.0,0.0,0.0,1,0.0,0.0,0.0,2.6,0.0,89.5,7.9,cpu_number,0.0,10.5,0.0,0.0,Linux,3.16.0-30-generic,Ubuntu 14.04,rabbitmqserver,64bit,Ubuntu 14.04 64bit,disk_name,5.0413689613342285,0,0,sr0,disk_name,5.0413689613342285,0,0,sda5,disk_name,5.0413689613342285,0,0,sda2,disk_name,5.0413689613342285,0,12288,sda1,/,ext4,823996416,mnt_point,6206062592,86.7,5382066176,/dev/sda1,1861971968,236875776,72167424,11.3,1861971968,32141312,233512960,2098847744,11894784,1,99,138,98,1.9,0.0,3.6,0.0,87.6,6.9,0.0,0.0,12.1,0.0,0.0
2,0.23,0.09,0.04,0,0.0,2145382400,0,2145382400,0,26146,5.039453983306885,0,13073,0,13073,lo,0,interface_name,585369023,5.039453983306885,51869604,523888703,46445221,61480320,eth0,5424383,interface_name,0,0.0,3.2,0.0,4.0,0.0,87.6,5.2,cpu_number,0.0,12.4,0.0,0.0,1,0.0,0.0,0.0,1.8,0.0,90.8,7.4,cpu_number,0.0,9.2,0.0,0.0,Linux,3.16.0-30-generic,Ubuntu 14.04,rabbitmqserver,64bit,Ubuntu 14.04 64bit,disk_name,5.0396740436553955,0,0,sr0,disk_name,5.0396740436553955,0,0,sda5,disk_name,5.0396740436553955,0,0,sda2,disk_name,5.0396740436553955,0,12288,sda1,/,ext4,823996416,mnt_point,6206062592,86.7,5382066176,/dev/sda1,1866702848,232144896,72175616,11.1,1866702848,32137216,228786176,2098847744,11894784,1,99,138,98,1.5,0.0,2.9,0.0,89.2,6.4,0.0,0.0,11.0,0.0,0.0
2,0.21,0.09,0.04,0,0.0,2145382400,0,2145382400,0,26146,5.041214942932129,0,13073,0,13073,lo,0,interface_name,637227137,5.041214942932129,51858114,570334176,46445473,66892961,eth0,5412641,interface_name,0,0.0,2.8,0.0,4.3,0.0,89.2,3.7,cpu_number,0.0,10.8,0.0,0.0,1,0.0,0.0,0.0,2.2,0.0,90.1,7.8,cpu_number,0.0,9.9,0.0,0.0,Linux,3.16.0-30-generic,Ubuntu 14.04,rabbitmqserver,64bit,Ubuntu 14.04 64bit,disk_name,5.041394948959351,0,0,sr0,disk_name,5.041394948959351,0,0,sda5,disk_name,5.041394948959351,0,0,sda2,disk_name,5.041394948959351,0,12288,sda1,/,ext4,823996416,mnt_point,6206062592,86.7,5382066176,/dev/sda1,1860145152,238702592,72167424,11.4,1860145152,32137216,235102208,2098847744,11902976,1,99,138,98,1.4,0.0,3.1,0.0,89.7,5.7,0.0,0.0,10.2,0.0,0.0
2,0.18,0.09,0.04,0,0.0,2145382400,0,2145382400,0,26146,5.0393970012664795,0,13073,0,13073,lo,0,interface_name,741262893,5.0393970012664795,51960364,663523782,46536617,77739111,eth0,5423747,interface_name,0,0.0,2.0,0.0,4.0,0.0,89.1,4.9,cpu_number,0.0,10.9,0.0,0.0,1,0.0,0.0,0.0,2.4,0.0,91.4,6.2,cpu_number,0.0,8.6,0.0,0.0,Linux,rabbitmqserver,disk_name,5.039169073104858,0,0,sr0,disk_name,5.039169073104858,0,0,sda5,disk_name,5.039169073104858,0,0,sda2,disk_name,5.039169073104858,0,0,sda1,/,ext4,823996416,mnt_point,6206062592,86.7,5382066176,/dev/sda1,1853005824,245841920,72175616,11.7,1853005824,32137216,242565120,2098847744,11902976,1,99,138,98,1.4,0.0,3.2,0.0,89.4,6.0,0.0,0.0,10.5,0.0,0.0
2,0.18,0.09,0.04,0,0.0,2145382400,0,2145382400,0,26146,5.0393970012664795,0,13073,0,13073,lo,0,interface_name,741262893,5.0393970012664795,51960364,663523782,46536617,77739111,eth0,5423747,interface_name,0,0.0,2.0,0.0,4.0,0.0,89.1,4.9,cpu_number,0.0,10.9,0.0,0.0,1,0.0,0.0,0.0,2.4,0.0,91.4,6.2,cpu_number,0.0,8.6,0.0,0.0,Linux,3.16.0-30-generic,Ubuntu 14.04,rabbitmqserver,64bit,Ubuntu 14.04 64bit,disk_name,5.0393757820129395,0,0,sr0,disk_name,5.0393757820129395,0,0,sda5,disk_name,5.0393757820129395,0,0,sda2,disk_name,5.0393757820129395,0,8192,sda1,/,ext4,823992320,mnt_point,6206062592,86.7,5382070272,/dev/sda1,1844674560,254173184,72167424,12.1,1844674560,32137216,250593280,2098847744,11911168,1,99,138,98,1.1,0.0,3.2,0.0,90.3,5.3,0.0,0.0,9.6,0.0,0.0
2,0.16,0.09,0.04,0,0.0,2145382400,0,2145382400,0,26146,5.042977809906006,0,13073,0,13073,lo,0,interface_name,793360287,5.042977809906006,52097394,710177449,46653667,83182838,eth0,5443727,interface_name,0,0.0,3.3,0.0,3.1,0.0,90.6,3.1,cpu_number,0.0,9.4,0.0,0.0,1,0.0,0.0,0.0,2.6,0.0,91.0,6.4,cpu_number,0.0,9.0,0.0,0.0,Linux,3.16.0-30-generic,Ubuntu 14.04,rabbitmqserver,64bit,Ubuntu 14.04 64bit,disk_name,5.043152093887329,0,0,sr0,disk_name,5.043152093887329,0,0,sda5,disk_name,5.043152093887329,0,0,sda2,disk_name,5.043152093887329,0,4096,sda1,/,ext4,823992320,mnt_point,6206062592,86.7,5382070272,/dev/sda1,1830535168,268312576,72179712,12.8,1830535168,32141312,264830976,2098847744,11911168,1,99,138,98,1.5,0.0,2.7,0.0,90.9,4.9,0.0,0.0,9.3,0.0,0.0
2,0.31,0.12,0.05,0,0.0,2145382400,0,2145382400,0,26146,5.039338111877441,0,13073,0,13073,lo,0,interface_name,845566176,5.039338111877441,52205889,756934291,46756842,88631885,eth0,5449047,interface_name,0,0.0,2.9,0.0,3.5,0.0,90.0,3.7,cpu_number,0.0,10.0,0.0,0.0,1,0.0,0.0,0.0,2.4,0.0,90.8,6.8,cpu_number,0.0,9.2,0.0,0.0,Linux,3.16.0-30-generic,Ubuntu 14.04,rabbitmqserver,64bit,Ubuntu 14.04 64bit,disk_name,5.039391994476318,0,0,sr0,disk_name,5.039391994476318,0,0,sda5,disk_name,5.039391994476318,0,0,sda2,disk_name,5.039391994476318,0,32768,sda1,/,ext4,823996416,mnt_point,6206062592,86.7,5382066176,/dev/sda1,1826480128,272367616,72171520,13.0,1826480128,32137216,268992512,2098847744,11919360,1,99,138,98,1.5,0.0,3.0,0.0,90.2,5.2,0.0,0.0,9.6,0.0,0.0
2,0.37,0.13,0.06,0,0.0,2145382400,0,2145382400,0,26146,5.04325008392334,0,13073,0,13073,lo,0,interface_name,897653218,5.04325008392334,52087042,803585730,46651439,94067488,eth0,5435603,interface_name,0,0.0,1.0,0.0,4.8,0.0,91.1,3.1,cpu_number,0.0,8.9,0.0,0.0,1,0.0,0.0,0.0,1.8,0.0,91.2,7.0,cpu_number,0.0,8.8,0.0,0.0,Linux,3.16.0-30-generic,Ubuntu 14.04,rabbitmqserver,64bit,Ubuntu 14.04 64bit,disk_name,5.043416976928711,0,0,sr0,disk_name,5.043416976928711,0,0,sda5,disk_name,5.043416976928711,0,0,sda2,disk_name,5.043416976928711,0,0,sda1,/,ext4,823996416,mnt_point,6206062592,86.7,5382066176,/dev/sda1,1812848640,285999104,72179712,13.6,1812848640,32137216,282357760,2098847744,11919360,1,99,138,98,0.5,0.0,3.3,0.0,91.1,5.1,0.0,0.0,8.9,0.0,0.0
2,0.47,0.16,0.07,0,0.0,2145382400,0,2145382400,0,26146,5.042080879211426,0,13073,0,13073,lo,0,interface_name,1001780313,5.042080879211426,52089938,896837824,46654410,104942489,eth0,5435528,interface_name,0,0.0,2.7,0.0,4.1,0.0,89.8,3.5,cpu_number,0.0,10.2,0.0,0.0,1,0.0,0.0,0.0,2.0,0.0,89.3,8.7,cpu_number,0.0,10.7,0.0,0.0,Linux,rabbitmqserver,disk_name,5.040740013122559,0,0,sr0,disk_name,5.040740013122559,0,0,sda5,disk_name,5.040740013122559,0,0,sda2,disk_name,5.040740013122559,0,12288,sda1,/,ext4,823996416,mnt_point,6206062592,86.7,5382066176,/dev/sda1,1801203712,297644032,72171520,14.2,1801203712,32137216,293875712,2098847744,11927552,1,99,138,98,1.2,0.0,3.0,0.0,90.0,5.8,0.0,0.0,10.1,0.0,0.0
2,0.47,0.16,0.07,0,0.0,2145382400,0,2145382400,0,26146,5.042080879211426,0,13073,0,13073,lo,0,interface_name,1001780313,5.042080879211426,52089938,896837824,46654410,104942489,eth0,5435528,interface_name,0,0.0,2.7,0.0,4.1,0.0,89.8,3.5,cpu_number,0.0,10.2,0.0,0.0,1,0.0,0.0,0.0,2.0,0.0,89.3,8.7,cpu_number,0.0,10.7,0.0,0.0,Linux,3.16.0-30-generic,Ubuntu 14.04,rabbitmqserver,64bit,Ubuntu 14.04 64bit,disk_name,5.042030096054077,0,0,sr0,disk_name,5.042030096054077,0,0,sda5,disk_name,5.042030096054077,0,0,sda2,disk_name,5.042030096054077,0,12288,sda1,/,ext4,823996416,mnt_point,6206062592,86.7,5382066176,/dev/sda1,1807880192,290967552,72179712,13.9,1807880192,32137216,287383552,2098847744,11927552,1,99,138,98,1.4,0.0,2.9,0.0,89.4,6.2,0.0,0.0,10.4,0.0,0.0
2,0.43,0.16,0.07,0,0.0,2145382400,0,2145382400,0,27276,5.050681114196777,1130,13638,565,13638,lo,565,interface_name,1053883879,5.050681114196777,52103566,943492284,46654460,110391595,eth0,5449106,interface_name,0,0.0,3.1,0.0,3.9,0.0,89.3,3.7,cpu_number,0.0,10.7,0.0,0.0,1,0.0,0.0,0.0,1.6,0.0,91.2,7.2,cpu_number,0.0,8.8,0.0,0.0,Linux,3.16.0-30-generic,Ubuntu 14.04,rabbitmqserver,64bit,Ubuntu 14.04 64bit,disk_name,5.051808834075928,0,0,sr0,disk_name,5.051808834075928,0,0,sda5,disk_name,5.051808834075928,0,0,sda2,disk_name,5.051808834075928,0,12288,sda1,/,ext4,823988224,mnt_point,6206062592,86.7,5382074368,/dev/sda1,1791782912,307064832,72171520,14.6,1791782912,32137216,303296512,2098847744,11935744,1,99,138,98,1.4,0.0,2.7,0.0,90.3,5.6,0.0,0.0,9.7,0.0,0.0
2,0.4,0.16,0.07,0,0.0,2145382400,0,2145382400,0,27276,5.0442938804626465,0,13638,0,13638,lo,0,interface_name,1106079237,5.0442938804626465,52195358,990249723,46757439,115829514,eth0,5437919,interface_name,0,0.0,3.1,0.0,3.1,0.0,89.4,4.5,cpu_number,0.0,10.6,0.0,0.0,1,0.0,0.0,0.0,1.2,0.0,92.7,6.1,cpu_number,0.0,7.3,0.0,0.0,Linux,3.16.0-30-generic,Ubuntu 14.04,rabbitmqserver,64bit,Ubuntu 14.04 64bit,disk_name,5.043118000030518,0,0,sr0,disk_name,5.043118000030518,0,0,sda5,disk_name,5.043118000030518,0,0,sda2,disk_name,5.043118000030518,0,0,sda1,/,ext4,823988224,mnt_point,6206062592,86.7,5382074368,/dev/sda1,1779994624,318853120,72183808,15.2,1779994624,32141312,315035648,2098847744,11935744,1,99,138,98,1.5,0.0,2.1,0.0,91.1,5.3,0.0,0.0,9.0,0.0,0.0
2,0.37,0.15,0.07,0,0.0,2145382400,0,2145382400,0,27276,5.043909072875977,0,13638,0,13638,lo,0,interface_name,1158030919,5.043909072875977,51951682,1036760892,46511169,121270027,eth0,5440513,interface_name,0,0.0,2.7,0.0,3.9,0.0,89.3,4.1,cpu_number,0.0,10.7,0.0,0.0,1,0.0,0.0,0.0,1.8,0.0,90.8,7.4,cpu_number,0.0,9.2,0.0,0.0,Linux,3.16.0-30-generic,Ubuntu 14.04,rabbitmqserver,64bit,Ubuntu 14.04 64bit,disk_name,5.044718980789185,0,0,sr0,disk_name,5.044718980789185,0,0,sda5,disk_name,5.044718980789185,0,0,sda2,disk_name,5.044718980789185,0,12288,sda1,/,ext4,823988224,mnt_point,6206062592,86.7,5382074368,/dev/sda1,1767923712,330924032,72175616,15.8,1767923712,32137216,327503872,2098847744,11943936,1,99,138,98,1.3,0.1,2.8,0.0,90.2,5.6,0.0,0.0,10.0,0.0,0.0
2,0.31,0.15,0.07,0,0.0,2145382400,0,2145382400,0,27276,5.038832902908325,0,13638,0,13638,lo,0,interface_name,1262312702,5.038832902908325,52085972,1130167854,46650699,132144848,eth0,5435273,interface_name,0,0.0,1.9,0.0,4.0,0.0,91.1,3.1,cpu_number,0.0,8.9,0.0,0.0,1,0.0,0.0,0.0,2.2,0.0,91.8,6.0,cpu_number,0.0,8.2,0.0,0.0,Linux,rabbitmqserver,disk_name,5.0428102016448975,0,0,sr0,disk_name,5.0428102016448975,0,0,sda5,disk_name,5.0428102016448975,0,0,sda2,disk_name,5.0428102016448975,0,8192,sda1,/,ext4,823992320,mnt_point,6206062592,86.7,5382070272,/dev/sda1,1771835392,327012352,72183808,15.6,1771835392,32137216,323461120,2098847744,11943936,1,99,138,98,0.9,0.0,2.8,0.0,91.7,4.6,0.0,0.0,8.3,0.0,0.0
2,0.31,0.15,0.07,0,0.0,2145382400,0,2145382400,0,27276,5.038832902908325,0,13638,0,13638,lo,0,interface_name,1262312702,5.038832902908325,52085972,1130167854,46650699,132144848,eth0,5435273,interface_name,0,0.0,1.9,0.0,4.0,0.0,91.1,3.1,cpu_number,0.0,8.9,0.0,0.0,1,0.0,0.0,0.0,2.2,0.0,91.8,6.0,cpu_number,0.0,8.2,0.0,0.0,Linux,3.16.0-30-generic,Ubuntu 14.04,rabbitmqserver,64bit,Ubuntu 14.04 64bit,disk_name,5.038724899291992,0,0,sr0,disk_name,5.038724899291992,0,0,sda5,disk_name,5.038724899291992,0,0,sda2,disk_name,5.038724899291992,0,20480,sda1,/,ext4,823992320,mnt_point,6206062592,86.7,5382070272,/dev/sda1,1755525120,343322624,72183808,16.4,1755525120,32137216,339628032,2098847744,11952128,1,99,138,98,0.9,0.0,3.1,0.0,91.3,4.7,0.0,0.0,8.5,0.0,0.0
2,0.29,0.15,0.07,0,0.0,2145382400,0,2145382400,0,27276,5.044542074203491,0,13638,0,13638,lo,0,interface_name,1314356726,5.044542074203491,52044024,1176771823,46603969,137584903,eth0,5440055,interface_name,0,0.0,2.6,0.0,4.1,0.0,89.2,4.1,cpu_number,0.0,10.8,0.0,0.0,1,0.0,0.0,0.0,2.2,0.0,90.7,7.1,cpu_number,0.0,9.3,0.0,0.0,Linux,3.16.0-30-generic,Ubuntu 14.04,rabbitmqserver,64bit,Ubuntu 14.04 64bit,disk_name,5.044742107391357,0,0,sr0,disk_name,5.044742107391357,0,0,sda5,disk_name,5.044742107391357,0,0,sda2,disk_name,5.044742107391357,0,12288,sda1,/,ext4,823984128,mnt_point,6206062592,86.7,5382078464,/dev/sda1,1758920704,339927040,72175616,16.2,1758920704,32137216,336314368,2098847744,11960320,1,99,138,98,1.4,0.0,3.1,0.0,90.1,5.4,0.0,0.0,10.0,0.0,0.0
2,0.42,0.18,0.08,0,0.0,2145382400,0,2145382400,0,27276,5.041488885879517,0,13638,0,13638,lo,0,interface_name,1366448818,5.041488885879517,52092092,1223426926,46655103,143021892,eth0,5436989,interface_name,0,0.0,2.5,0.0,2.9,0.0,90.1,4.5,cpu_number,0.0,9.9,0.0,0.0,1,0.0,0.0,0.0,1.6,0.0,91.2,7.2,cpu_number,0.0,8.8,0.0,0.0,Linux,3.16.0-30-generic,Ubuntu 14.04,rabbitmqserver,64bit,Ubuntu 14.04 64bit,disk_name,5.041374921798706,0,0,sr0,disk_name,5.041374921798706,0,0,sda5,disk_name,5.041374921798706,0,0,sda2,disk_name,5.041374921798706,0,12288,sda1,/,ext4,823984128,mnt_point,6206062592,86.7,5382078464,/dev/sda1,1752399872,346447872,72187904,16.5,1752399872,32141312,342745088,2098847744,11960320,1,99,138,98,1.2,0.0,2.3,0.0,90.5,6.0,0.0,0.0,9.2,0.0,0.0
2,0.39,0.18,0.08,0,0.0,2145382400,0,2145382400,0,27276,5.044450044631958,0,13638,0,13638,lo,0,interface_name,1418539026,5.044450044631958,52090208,1270080673,46653747,148458353,eth0,5436461,interface_name,0,0.0,2.3,0.0,4.7,0.0,89.7,3.3,cpu_number,0.0,10.3,0.0,0.0,1,0.0,0.0,0.2,1.6,0.0,90.4,7.8,cpu_number,0.0,9.6,0.0,0.0,Linux,3.16.0-30-generic,Ubuntu 14.04,rabbitmqserver,64bit,Ubuntu 14.04 64bit,disk_name,5.0446388721466064,0,0,sr0,disk_name,5.0446388721466064,0,0,sda5,disk_name,5.0446388721466064,0,0,sda2,disk_name,5.0446388721466064,0,12288,sda1,/,ext4,823984128,mnt_point,6206062592,86.7,5382078464,/dev/sda1,1746182144,352665600,72179712,16.8,1746182144,32137216,348733440,2098847744,11968512,1,99,138,98,1.0,0.0,3.0,0.0,90.4,5.6,0.0,0.0,9.9,0.0,0.0
2,0.36,0.17,0.07,0,0.0,2145382400,0,2145382400,0,27276,5.039958953857422,0,13638,0,13638,lo,0,interface_name,1470634089,5.039958953857422,52095063,1316737045,46656372,153897044,eth0,5438691,interface_name,0,0.0,2.7,0.0,3.1,0.0,90.9,3.3,cpu_number,0.0,9.1,0.0,0.0,1,0.0,0.0,0.0,1.6,0.0,91.0,7.4,cpu_number,0.0,9.0,0.0,0.0,Linux,3.16.0-30-generic,Ubuntu 14.04,rabbitmqserver,64bit,Ubuntu 14.04 64bit,disk_name,5.039637088775635,0,0,sr0,disk_name,5.039637088775635,0,0,sda5,disk_name,5.039637088775635,0,0,sda2,disk_name,5.039637088775635,0,0,sda1,/,ext4,823984128,mnt_point,6206062592,86.7,5382078464,/dev/sda1,1737699328,361148416,72187904,17.2,1737699328,32137216,357085184,2098847744,11968512,1,99,138,98,1.3,0.0,2.2,0.0,90.9,5.5,0.0,0.0,9.0,0.0,0.0
2,0.33,0.17,0.07,0,0.0,2145382400,0,2145382400,0,27276,5.043333053588867,0,13638,0,13638,lo,0,interface_name,1522722479,5.043333053588867,52088390,1363385806,46648761,159336673,eth0,5439629,interface_name,0,0.0,2.7,0.0,3.7,0.0,89.0,4.7,cpu_number,0.0,11.0,0.0,0.0,1,0.0,0.0,0.0,2.0,0.0,91.5,6.5,cpu_number,0.0,8.5,0.0,0.0,Linux,3.16.0-30-generic,Ubuntu 14.04,rabbitmqserver,64bit,Ubuntu 14.04 64bit,disk_name,5.043550968170166,0,0,sr0,disk_name,5.043550968170166,0,0,sda5,disk_name,5.043550968170166,0,0,sda2,disk_name,5.043550968170166,0,28672,sda1,/,ext4,823988224,mnt_point,6206062592,86.7,5382074368,/dev/sda1,1719422976,379424768,72179712,18.1,1719422976,32137216,375590912,2098847744,11976704,1,99,138,98,1.3,0.0,2.9,0.0,90.2,5.6,0.0,0.0,9.8,0.0,0.0
2,0.3,0.17,0.07,0,0.0,2145382400,0,2145382400,0,27276,5.042134046554565,0,13638,0,13638,lo,0,interface_name,1574810709,5.042134046554565,52088230,1410039159,46653353,164771550,eth0,5434877,interface_name,0,0.0,2.8,0.0,4.8,0.0,88.1,4.2,cpu_number,0.0,11.9,0.0,0.0,1,0.0,0.0,0.0,2.2,0.0,90.8,7.0,cpu_number,0.0,9.2,0.0,0.0,Linux,3.16.0-30-generic,Ubuntu 14.04,rabbitmqserver,64bit,Ubuntu 14.04 64bit,disk_name,5.041887044906616,0,0,sr0,disk_name,5.041887044906616,0,0,sda5,disk_name,5.041887044906616,0,0,sda2,disk_name,5.041887044906616,0,0,sda1,/,ext4,823988224,mnt_point,6206062592,86.7,5382074368,/dev/sda1,1713414144,385433600,72187904,18.4,1713414144,32137216,381636608,2098847744,11976704,1,99,138,98,1.4,0.0,3.5,0.0,89.5,5.5,0.0,0.0,10.6,0.0,0.0
2,0.42,0.19,0.08,0,0.0,2145382400,0,2145382400,0,28406,5.048886060714722,1130,14203,565,14203,lo,565,interface_name,1679177181,5.048886060714722,52153704,1503497666,46699498,175679515,eth0,5454206,interface_name,0,0.0,3.0,0.0,4.5,0.0,88.4,4.1,cpu_number,0.0,11.6,0.0,0.0,1,0.0,0.0,0.0,2.2,0.0,89.7,8.1,cpu_number,0.0,10.3,0.0,0.0,Linux,rabbitmqserver,disk_name,5.042011022567749,0,0,sr0,disk_name,5.042011022567749,0,0,sda5,disk_name,5.042011022567749,0,0,sda2,disk_name,5.042011022567749,0,12288,sda1,/,ext4,823980032,mnt_point,6206062592,86.7,5382082560,/dev/sda1,1703362560,395485184,72179712,18.8,1703362560,32137216,391507968,2098847744,11984896,1,99,138,98,1.4,0.0,2.9,0.0,90.2,5.5,0.0,0.0,9.8,0.0,0.0
2,0.46,0.21,0.09,0,0.0,2145382400,0,2145382400,0,28406,5.044007778167725,0,14203,0,14203,lo,0,interface_name,1731207494,5.044007778167725,52030313,1550082413,46584747,181125081,eth0,5445566,interface_name,0,0.0,2.5,0.0,4.5,0.0,89.0,4.1,cpu_number,0.0,11.0,0.0,0.0,1,0.0,0.0,0.0,1.2,0.0,91.5,7.2,cpu_number,0.0,8.5,0.0,0.0,Linux,rabbitmqserver,disk_name,5.049597978591919,0,0,sr0,disk_name,5.049597978591919,0,0,sda5,disk_name,5.049597978591919,0,0,sda2,disk_name,5.049597978591919,0,0,sda1,/,ext4,823980032,mnt_point,6206062592,86.7,5382082560,/dev/sda1,1706061824,392785920,72192000,18.7,1706061824,32141312,388571136,2098847744,11984896,1,99,138,98,1.4,0.0,3.3,0.0,89.2,6.1,0.0,0.0,10.7,0.0,0.0
2,0.59,0.24,0.1,0,0.0,2145382400,0,2145382400,0,28406,5.039269208908081,0,14203,0,14203,lo,0,interface_name,1783366180,5.039269208908081,52158686,1596796732,46714319,186569448,eth0,5444367,interface_name,0,0.0,3.7,0.0,3.3,0.0,90.2,2.9,cpu_number,0.0,9.8,0.0,0.0,1,0.0,0.0,0.0,1.8,0.0,90.5,7.6,cpu_number,0.0,9.5,0.0,0.0,Linux,rabbitmqserver,disk_name,5.04305100440979,0,0,sr0,disk_name,5.04305100440979,0,0,sda5,disk_name,5.04305100440979,0,0,sda2,disk_name,5.04305100440979,0,8192,sda1,/,ext4,823980032,mnt_point,6206062592,86.7,5382082560,/dev/sda1,1690034176,408813568,72183808,19.5,1690034176,32137216,405037056,2098847744,11993088,1,99,138,98,1.3,0.0,2.8,0.0,90.3,5.6,0.0,0.0,9.8,0.0,0.0
2,0.59,0.24,0.1,0,0.0,2145382400,0,2145382400,0,28406,5.039269208908081,0,14203,0,14203,lo,0,interface_name,1783366180,5.039269208908081,52158686,1596796732,46714319,186569448,eth0,5444367,interface_name,0,0.0,3.7,0.0,3.3,0.0,90.2,2.9,cpu_number,0.0,9.8,0.0,0.0,1,0.0,0.0,0.0,1.8,0.0,90.5,7.6,cpu_number,0.0,9.5,0.0,0.0,Linux,3.16.0-30-generic,Ubuntu 14.04,rabbitmqserver,64bit,Ubuntu 14.04 64bit,disk_name,5.039789915084839,0,0,sr0,disk_name,5.039789915084839,0,0,sda5,disk_name,5.039789915084839,0,0,sda2,disk_name,5.039789915084839,0,16384,sda1,/,ext4,823980032,mnt_point,6206062592,86.7,5382082560,/dev/sda1,1685504000,413343744,72192000,19.7,1685504000,32137216,409198592,2098847744,11993088,1,99,138,98,1.8,0.0,2.5,0.0,90.3,5.4,0.0,0.0,9.6,0.0,0.0
2,0.54,0.23,0.1,0,0.0,2145382400,0,2145382400,0,28406,5.0405449867248535,0,14203,0,14203,lo,0,interface_name,1835441539,5.0405449867248535,52075359,1643429360,46632628,192012179,eth0,5442731,interface_name,0,0.0,2.5,0.0,3.7,0.0,88.9,4.9,cpu_number,0.0,11.1,0.0,0.0,1,0.0,0.0,0.0,2.4,0.0,89.1,8.5,cpu_number,0.0,10.9,0.0,0.0,Linux,3.16.0-30-generic,Ubuntu 14.04,rabbitmqserver,64bit,Ubuntu 14.04 64bit,disk_name,5.0400002002716064,0,0,sr0,disk_name,5.0400002002716064,0,0,sda5,disk_name,5.0400002002716064,0,0,sda2,disk_name,5.0400002002716064,0,12288,sda1,/,ext4,823980032,mnt_point,6206062592,86.7,5382082560,/dev/sda1,1681743872,417103872,72183808,19.9,1681743872,32137216,413167616,2098847744,12001280,1,99,138,98,1.1,0.1,2.9,0.0,89.1,6.8,0.0,0.0,11.1,0.0,0.0
2,0.53,0.24,0.1,0,0.0,2145382400,0,2145382400,0,28406,5.043750047683716,0,14203,0,14203,lo,0,interface_name,1939789552,5.043750047683716,52244053,1736862618,46781599,202926934,eth0,5462454,interface_name,0,0.0,2.8,0.0,3.8,0.0,88.3,5.1,cpu_number,0.0,11.7,0.0,0.0,1,0.0,0.0,0.0,2.0,0.0,90.4,7.6,cpu_number,0.0,9.6,0.0,0.0,Linux,rabbitmqserver,disk_name,5.044184923171997,0,0,sr0,disk_name,5.044184923171997,0,0,sda5,disk_name,5.044184923171997,0,0,sda2,disk_name,5.044184923171997,0,8192,sda1,/,ext4,823975936,mnt_point,6206062592,86.7,5382086656,/dev/sda1,1672286208,426561536,72192000,20.3,1672286208,32137216,422686720,2098847744,12001280,1,99,138,98,1.3,0.0,3.3,0.0,89.4,5.9,0.0,0.0,10.6,0.0,0.0
2,0.53,0.24,0.1,0,0.0,2145382400,0,2145382400,0,28406,5.043750047683716,0,14203,0,14203,lo,0,interface_name,1939789552,5.043750047683716,52244053,1736862618,46781599,202926934,eth0,5462454,interface_name,0,0.0,2.8,0.0,3.8,0.0,88.3,5.1,cpu_number,0.0,11.7,0.0,0.0,1,0.0,0.0,0.0,2.0,0.0,90.4,7.6,cpu_number,0.0,9.6,0.0,0.0,Linux,3.16.0-30-generic,Ubuntu 14.04,rabbitmqserver,64bit,Ubuntu 14.04 64bit,disk_name,5.0446648597717285,0,0,sr0,disk_name,5.0446648597717285,0,0,sda5,disk_name,5.0446648597717285,0,0,sda2,disk_name,5.0446648597717285,0,36864,sda1,/,ext4,823975936,mnt_point,6206062592,86.7,5382086656,/dev/sda1,1662947328,435900416,72187904,20.8,1662947328,32088064,430010368,2098847744,12009472,1,99,138,98,1.3,0.0,3.1,0.0,89.3,6.2,0.0,0.0,10.6,0.0,0.0
2,0.49,0.24,0.1,0,0.0,2145382400,0,2145382400,0,28406,5.0430638790130615,0,14203,0,14203,lo,0,interface_name,1991903394,5.0430638790130615,52113842,1783527732,46665114,208375662,eth0,5448728,interface_name,0,0.0,2.6,0.0,4.4,0.0,87.8,5.2,cpu_number,0.0,12.2,0.0,0.0,1,0.0,0.0,0.0,2.6,0.0,90.6,6.8,cpu_number,0.0,9.4,0.0,0.0,Linux,3.16.0-30-generic,Ubuntu 14.04,rabbitmqserver,64bit,Ubuntu 14.04 64bit,disk_name,5.041821002960205,0,0,sr0,disk_name,5.041821002960205,0,0,sda5,disk_name,5.041821002960205,0,0,sda2,disk_name,5.041821002960205,0,8192,sda1,/,ext4,823975936,mnt_point,6206062592,86.7,5382086656,/dev/sda1,1654804480,444043264,72187904,21.2,1654804480,32083968,440578048,2098847744,12017664,1,99,138,98,1.4,0.0,3.3,0.0,89.2,6.1,0.0,0.0,10.9,0.0,0.0
2,0.45,0.23,0.1,0,0.0,2145382400,0,2145382400,0,28406,5.043146133422852,0,14203,0,14203,lo,0,interface_name,2044014009,5.043146133422852,52110615,1830183736,46656004,213830273,eth0,5454611,interface_name,0,0.0,2.0,0.2,3.5,0.0,90.0,4.3,cpu_number,0.0,10.0,0.0,0.0,1,0.0,0.0,0.0,1.8,0.0,88.1,10.1,cpu_number,0.0,11.9,0.0,0.0,Linux,3.16.0-30-generic,Ubuntu 14.04,rabbitmqserver,64bit,Ubuntu 14.04 64bit,disk_name,5.042896032333374,0,0,sr0,disk_name,5.042896032333374,0,0,sda5,disk_name,5.042896032333374,0,0,sda2,disk_name,5.042896032333374,0,4096,sda1,/,ext4,823975936,mnt_point,6206062592,86.7,5382086656,/dev/sda1,1652969472,445878272,72196096,21.2,1652969472,32083968,442204160,2098847744,12017664,1,99,138,98,1.0,0.0,2.7,0.0,89.1,7.2,0.0,0.0,11.0,0.0,0.0
2,0.41,0.23,0.1,0,0.0,2145382400,0,2145382400,0,28406,5.041790008544922,0,14203,0,14203,lo,0,interface_name,2096207421,5.041790008544922,52193412,1876932241,46748505,219275180,eth0,5444907,interface_name,0,0.0,3.6,0.0,3.8,0.0,88.4,4.2,cpu_number,0.0,11.6,0.0,0.0,1,0.0,0.0,0.0,2.5,0.0,87.9,9.6,cpu_number,0.0,12.1,0.0,0.0,Linux,3.16.0-30-generic,Ubuntu 14.04,rabbitmqserver,64bit,Ubuntu 14.04 64bit,disk_name,5.04233717918396,0,0,sr0,disk_name,5.04233717918396,0,0,sda5,disk_name,5.04233717918396,0,0,sda2,disk_name,5.04233717918396,0,12288,sda1,/,ext4,823975936,mnt_point,6206062592,86.7,5382086656,/dev/sda1,1647484928,451362816,72187904,21.5,1647484928,32083968,447918080,2098847744,12025856,1,99,138,98,1.7,0.0,3.1,0.0,88.2,7.0,0.0,0.0,11.6,0.0,0.0
2,0.38,0.23,0.1,0,0.0,2145382400,0,2145382400,0,28406,5.042278051376343,0,14203,0,14203,lo,0,interface_name,2148221948,5.042278051376343,52014527,1923517081,46584840,224704867,eth0,5429687,interface_name,0,0.0,3.0,0.0,4.2,0.0,86.8,6.1,cpu_number,0.0,13.2,0.0,0.0,1,0.0,0.0,0.0,1.6,0.0,91.0,7.4,cpu_number,0.0,9.0,0.0,0.0,Linux,3.16.0-30-generic,Ubuntu 14.04,rabbitmqserver,64bit,Ubuntu 14.04 64bit,disk_name,5.0419909954071045,0,0,sr0,disk_name,5.0419909954071045,0,0,sda5,disk_name,5.0419909954071045,0,0,sda2,disk_name,5.0419909954071045,0,0,sda1,/,ext4,823975936,mnt_point,6206062592,86.7,5382086656,/dev/sda1,1633394688,465453056,72196096,22.2,1633394688,32075776,461430784,2098847744,12025856,1,99,138,98,1.5,0.0,2.9,0.0,88.9,6.8,0.0,0.0,11.2,0.0,0.0
2,0.35,0.22,0.1,0,0.0,2145382400,0,2145382400,0,28406,5.041709899902344,0,14203,0,14203,lo,0,interface_name,2200310350,5.041709899902344,52088402,1970155412,46638331,230154938,eth0,5450071,interface_name,0,0.0,4.3,0.0,4.5,0.0,84.0,7.2,cpu_number,0.0,16.0,0.0,0.0,1,0.0,0.0,0.2,2.4,0.0,89.5,7.9,cpu_number,0.0,10.5,0.0,0.0,Linux,3.16.0-30-generic,Ubuntu 14.04,rabbitmqserver,64bit,Ubuntu 14.04 64bit,disk_name,5.041630983352661,0,0,sr0,disk_name,5.041630983352661,0,0,sda5,disk_name,5.041630983352661,0,0,sda2,disk_name,5.041630983352661,0,40960,sda1,/,ext4,823971840,mnt_point,6206062592,86.7,5382090752,/dev/sda1,1616019456,482828288,72187904,23.0,1616019456,32043008,479158272,2098847744,12034048,1,99,138,98,2.3,0.1,3.4,0.0,86.7,7.5,0.0,0.0,13.2,0.0,0.0
2,0.32,0.22,0.1,0,0.0,2145382400,0,2145382400,0,29536,5.041812896728516,1130,14768,565,14768,lo,565,interface_name,2252398941,5.041812896728516,52088591,2016792839,46637427,235606102,eth0,5451164,interface_name,0,0.0,3.2,0.0,4.6,0.0,85.9,6.3,cpu_number,0.0,14.1,0.0,0.0,1,0.0,0.0,0.0,2.2,0.0,88.0,9.8,cpu_number,0.0,12.0,0.0,0.0,Linux,3.16.0-30-generic,Ubuntu 14.04,rabbitmqserver,64bit,Ubuntu 14.04 64bit,disk_name,5.041602849960327,0,0,sr0,disk_name,5.041602849960327,0,0,sda5,disk_name,5.041602849960327,0,0,sda2,disk_name,5.041602849960327,0,45056,sda1,/,ext4,823975936,mnt_point,6206062592,86.7,5382086656,/dev/sda1,1588502528,510345216,72192000,24.3,1588502528,32026624,506261504,2098847744,12042240,1,99,138,98,1.6,0.0,3.5,0.0,87.1,7.9,0.0,0.0,12.9,0.0,0.0
2,0.29,0.21,0.1,0,0.0,2145382400,0,2145382400,0,29536,5.042949199676514,0,14768,0,14768,lo,0,interface_name,2304498593,5.042949199676514,52099652,2063446490,46653651,241052103,eth0,5446001,interface_name,0,0.0,4.3,0.0,3.9,0.0,85.0,6.8,cpu_number,0.0,15.0,0.0,0.0,1,0.0,0.0,0.0,2.3,0.0,89.3,8.4,cpu_number,0.0,10.7,0.0,0.0,Linux,3.16.0-30-generic,Ubuntu 14.04,rabbitmqserver,64bit,Ubuntu 14.04 64bit,disk_name,5.043584108352661,0,0,sr0,disk_name,5.043584108352661,0,0,sda5,disk_name,5.043584108352661,0,0,sda2,disk_name,5.043584108352661,0,0,sda1,/,ext4,823975936,mnt_point,6206062592,86.7,5382086656,/dev/sda1,1613959168,484888576,72200192,23.1,1613959168,32022528,481316864,2098847744,12042240,1,99,138,98,2.2,0.0,2.9,0.0,87.1,7.7,0.0,0.0,12.9,0.0,0.0
2,0.27,0.21,0.1,0,0.0,2145382400,0,2145382400,0,29536,5.041674852371216,0,14768,0,14768,lo,0,interface_name,2356605377,5.041674852371216,52106784,2110107705,46661215,246497672,eth0,5445569,interface_name,0,0.0,4.2,0.0,3.6,0.0,86.1,6.2,cpu_number,0.0,13.9,0.0,0.0,1,0.0,0.0,0.0,1.8,0.0,88.5,9.7,cpu_number,0.0,11.5,0.0,0.0,Linux,3.16.0-30-generic,Ubuntu 14.04,rabbitmqserver,64bit,Ubuntu 14.04 64bit,disk_name,5.041827917098999,0,0,sr0,disk_name,5.041827917098999,0,0,sda5,disk_name,5.041827917098999,0,0,sda2,disk_name,5.041827917098999,0,12288,sda1,/,ext4,823975936,mnt_point,6206062592,86.7,5382086656,/dev/sda1,1609187328,489660416,72192000,23.3,1609187328,32022528,486215680,2098847744,12050432,1,99,138,98,2.0,0.0,2.9,0.0,87.2,7.9,0.0,0.0,12.8,0.0,0.0
2,0.23,0.2,0.1,0,0.0,2145382400,0,2145382400,0,29536,5.041763067245483,0,14768,0,14768,lo,0,interface_name,2460911423,5.041763067245483,52080048,2203508733,46632235,257402690,eth0,5447813,interface_name,0,0.0,3.6,0.0,4.2,0.0,86.5,5.7,cpu_number,0.0,13.5,0.0,0.0,1,0.0,0.0,0.0,1.6,0.0,91.0,7.4,cpu_number,0.0,9.0,0.0,0.0,Linux,rabbitmqserver,disk_name,5.041338920593262,0,0,sr0,disk_name,5.041338920593262,0,0,sda5,disk_name,5.041338920593262,0,0,sda2,disk_name,5.041338920593262,0,0,sda1,/,ext4,823975936,mnt_point,6206062592,86.7,5382086656,/dev/sda1,1590935552,507912192,72200192,24.2,1590935552,32022528,504143872,2098847744,12050432,1,99,138,98,1.7,0.0,2.5,0.0,89.2,6.7,0.0,0.0,10.9,0.0,0.0
2,0.23,0.2,0.1,0,0.0,2145382400,0,2145382400,0,29536,5.041763067245483,0,14768,0,14768,lo,0,interface_name,2460911423,5.041763067245483,52080048,2203508733,46632235,257402690,eth0,5447813,interface_name,0,0.0,3.6,0.0,4.2,0.0,86.5,5.7,cpu_number,0.0,13.5,0.0,0.0,1,0.0,0.0,0.0,1.6,0.0,91.0,7.4,cpu_number,0.0,9.0,0.0,0.0,Linux,3.16.0-30-generic,Ubuntu 14.04,rabbitmqserver,64bit,Ubuntu 14.04 64bit,disk_name,5.042147159576416,0,0,sr0,disk_name,5.042147159576416,0,0,sda5,disk_name,5.042147159576416,0,0,sda2,disk_name,5.042147159576416,0,8192,sda1,/,ext4,823967744,mnt_point,6206062592,86.7,5382094848,/dev/sda1,1555066880,543780864,72192000,25.9,1555066880,32022528,539353088,2098847744,12058624,1,99,138,98,1.9,0.0,3.1,0.0,88.6,6.5,0.0,0.0,11.3,0.0,0.0
2,0.19,0.2,0.1,0,0.0,2145382400,0,2145382400,0,29536,5.0434370040893555,0,14768,0,14768,lo,0,interface_name,2564037874,5.0434370040893555,52152450,2295680392,46671895,268357482,eth0,5480555,interface_name,0,0.0,4.6,0.2,5.4,0.0,81.8,8.0,cpu_number,0.0,18.2,0.0,0.0,1,0.0,0.0,0.0,3.0,0.0,82.5,14.6,cpu_number,0.0,17.5,0.0,0.0,Linux,rabbitmqserver,disk_name,5.043117046356201,0,0,sr0,disk_name,5.043117046356201,0,0,sda5,disk_name,5.043117046356201,0,0,sda2,disk_name,5.043117046356201,28672,117690368,sda1,/,ext4,704380928,mnt_point,6206062592,88.7,5501681664,/dev/sda1,1534750720,564097024,191803392,26.9,1534750720,151191552,557436928,2098847744,12144640,1,99,138,98,2.5,6.8,7.0,0.0,59.6,24.1,0.0,0.0,40.4,0.0,0.0
2,0.18,0.19,0.1,0,0.0,2145382400,0,2145382400,0,29536,5.040768146514893,0,14768,0,14768,lo,0,interface_name,2616215578,5.040768146514893,52177704,2342385203,46704811,273830375,eth0,5472893,interface_name,0,0.0,3.6,1.2,5.9,0.0,74.3,14.9,cpu_number,0.0,25.7,0.0,0.0,1,0.0,0.0,4.8,3.8,0.0,75.2,16.2,cpu_number,0.0,24.8,0.0,0.0,Linux,rabbitmqserver,disk_name,5.043319940567017,0,0,sr0,disk_name,5.043319940567017,0,0,sda5,disk_name,5.043319940567017,0,0,sda2,disk_name,5.043319940567017,0,98304,sda1,/,ext4,692752384,mnt_point,6206062592,88.8,5513310208,/dev/sda1,1519566848,579280896,203395072,27.6,1519566848,162738176,572264448,2098847744,12152832,1,99,138,98,2.3,0.1,4.0,0.0,82.2,11.4,0.0,0.0,17.8,0.0,0.0
2,0.18,0.19,0.1,0,0.0,2145382400,0,2145382400,0,29536,5.040768146514893,0,14768,0,14768,lo,0,interface_name,2616215578,5.040768146514893,52177704,2342385203,46704811,273830375,eth0,5472893,interface_name,0,0.0,3.6,1.2,5.9,0.0,74.3,14.9,cpu_number,0.0,25.7,0.0,0.0,1,0.0,0.0,4.8,3.8,0.0,75.2,16.2,cpu_number,0.0,24.8,0.0,0.0,Linux,3.16.0-30-generic,Ubuntu 14.04,rabbitmqserver,64bit,Ubuntu 14.04 64bit,disk_name,5.041595935821533,0,0,sr0,disk_name,5.041595935821533,0,0,sda5,disk_name,5.041595935821533,0,0,sda2,disk_name,5.041595935821533,4096,67268608,sda1,/,ext4,639377408,mnt_point,6206062592,89.7,5566685184,/dev/sda1,1516650496,582197248,256864256,27.7,1516650496,215982080,573579264,2098847744,12189696,1,99,138,98,1.9,3.0,4.8,0.0,74.6,15.7,0.0,0.0,25.5,0.0,0.0
2,0.15,0.19,0.1,0,0.0,2145382400,0,2145382400,0,29536,5.038869857788086,0,14768,0,14768,lo,0,interface_name,2720434000,5.038869857788086,52050927,2435652309,46581414,284781691,eth0,5469513,interface_name,0,0.0,4.5,1.6,4.3,0.0,79.4,10.2,cpu_number,0.0,20.6,0.0,0.0,1,0.0,0.0,2.8,3.8,0.0,79.4,14.1,cpu_number,0.0,20.6,0.0,0.0,Linux,rabbitmqserver,disk_name,5.042814016342163,0,0,sr0,disk_name,5.042814016342163,0,0,sda5,disk_name,5.042814016342163,0,0,sda2,disk_name,5.042814016342163,0,32768,sda1,/,ext4,629862400,mnt_point,6206062592,89.9,5576200192,/dev/sda1,1508110336,590737408,266305536,28.1,1508110336,225423360,582111232,2098847744,12197888,2,99,138,97,1.5,0.1,3.9,0.0,82.9,11.6,0.0,0.0,17.0,0.0,0.0
2,0.15,0.19,0.1,0,0.0,2145382400,0,2145382400,0,29536,5.038869857788086,0,14768,0,14768,lo,0,interface_name,2720434000,5.038869857788086,52050927,2435652309,46581414,284781691,eth0,5469513,interface_name,0,0.0,4.5,1.6,4.3,0.0,79.4,10.2,cpu_number,0.0,20.6,0.0,0.0,1,0.0,0.0,2.8,3.8,0.0,79.4,14.1,cpu_number,0.0,20.6,0.0,0.0,Linux,3.16.0-30-generic,Ubuntu 14.04,rabbitmqserver,64bit,Ubuntu 14.04 64bit,disk_name,5.0396950244903564,0,0,sr0,disk_name,5.0396950244903564,0,0,sda5,disk_name,5.0396950244903564,0,0,sda2,disk_name,5.0396950244903564,0,33619968,sda1,/,ext4,604753920,mnt_point,6206062592,90.3,5601308672,/dev/sda1,1512558592,586289152,291442688,27.9,1512558592,250458112,577032192,2098847744,12214272,1,99,138,98,2.2,2.2,4.1,0.0,79.5,12.0,0.0,0.0,20.5,0.0,0.0
2,0.13,0.18,0.09,0,0.0,2145382400,0,2145382400,0,29536,5.051415205001831,0,14768,0,14768,lo,0,interface_name,2824884316,5.051415205001831,52283711,2529128336,46790235,295755980,eth0,5493476,interface_name,0,0.0,3.6,0.8,4.6,0.0,81.7,9.3,cpu_number,0.0,18.3,0.0,0.0,1,0.0,0.0,1.6,3.0,0.0,81.1,14.3,cpu_number,0.0,18.9,0.0,0.0,Linux,rabbitmqserver,disk_name,5.051985025405884,0,0,sr0,disk_name,5.051985025405884,0,0,sda5,disk_name,5.051985025405884,0,0,sda2,disk_name,5.051985025405884,0,4755456,sda1,/,ext4,589025280,mnt_point,6206062592,90.5,5617037312,/dev/sda1,1506258944,592588800,307200000,28.2,1506258944,266072064,582922240,2098847744,12222464,1,99,138,98,1.9,0.3,3.5,0.0,81.8,12.5,0.0,0.0,18.0,0.0,0.0
2,0.13,0.18,0.09,0,0.0,2145382400,0,2145382400,0,29536,5.051415205001831,0,14768,0,14768,lo,0,interface_name,2824884316,5.051415205001831,52283711,2529128336,46790235,295755980,eth0,5493476,interface_name,0,0.0,3.6,0.8,4.6,0.0,81.7,9.3,cpu_number,0.0,18.3,0.0,0.0,1,0.0,0.0,1.6,3.0,0.0,81.1,14.3,cpu_number,0.0,18.9,0.0,0.0,Linux,3.16.0-30-generic,Ubuntu 14.04,rabbitmqserver,64bit,Ubuntu 14.04 64bit,disk_name,5.0467870235443115,0,0,sr0,disk_name,5.0467870235443115,0,0,sda5,disk_name,5.0467870235443115,0,0,sda2,disk_name,5.0467870235443115,0,12087296,sda1,/,ext4,582680576,mnt_point,6206062592,90.6,5623382016,/dev/sda1,1497096192,601751552,313462784,28.7,1497096192,272420864,589557760,2098847744,12230656,1,99,138,98,1.7,0.8,3.8,0.0,81.8,11.8,0.0,0.0,18.5,0.0,0.0
2,0.12,0.18,0.09,0,0.0,2145382400,0,2145382400,0,30666,5.039964914321899,1130,15333,565,15333,lo,565,interface_name,2876939503,5.039964914321899,52055187,2575709700,46581364,301229803,eth0,5473823,interface_name,0,0.0,3.1,0.0,2.9,0.0,85.2,8.8,cpu_number,0.0,14.8,0.0,0.0,1,0.0,0.0,0.0,3.2,0.0,84.9,12.0,cpu_number,0.0,15.1,0.0,0.0,Linux,3.16.0-30-generic,Ubuntu 14.04,rabbitmqserver,64bit,Ubuntu 14.04 64bit,disk_name,5.039629936218262,0,0,sr0,disk_name,5.039629936218262,0,0,sda5,disk_name,5.039629936218262,0,0,sda2,disk_name,5.039629936218262,0,32768,sda1,/,ext4,575279104,mnt_point,6206062592,90.7,5630783488,/dev/sda1,1732288512,366559232,320946176,17.5,1732288512,279789568,357388288,2098847744,12238848,1,99,138,98,1.6,0.0,3.3,0.0,84.8,10.3,0.0,0.0,15.1,0.0,0.0
2,0.11,0.18,0.09,0,0.0,2145382400,0,2145382400,0,30666,5.043468952178955,0,15333,0,15333,lo,0,interface_name,2929221655,5.043468952178955,52282152,2622499489,46789789,306722166,eth0,5492363,interface_name,0,0.0,3.1,0.4,4.3,0.0,85.7,6.5,cpu_number,0.0,14.3,0.0,0.0,1,0.0,0.0,2.6,2.6,0.0,85.2,9.6,cpu_number,0.0,14.8,0.0,0.0,Linux,3.16.0-30-generic,Ubuntu 14.04,rabbitmqserver,64bit,Ubuntu 14.04 64bit,disk_name,5.04301905632019,0,0,sr0,disk_name,5.04301905632019,0,0,sda5,disk_name,5.04301905632019,0,0,sda2,disk_name,5.04301905632019,0,16863232,sda1,/,ext4,570126336,mnt_point,6206062592,90.8,5635936256,/dev/sda1,1762979840,335867904,326066176,16.0,1762979840,284954624,325984256,2098847744,12255232,1,99,138,98,1.5,1.5,3.1,0.0,85.7,8.2,0.0,0.0,14.5,0.0,0.0
2,0.1,0.17,0.09,0,0.0,2145382400,0,2145382400,0,30666,5.040853977203369,0,15333,0,15333,lo,0,interface_name,2981276312,5.040853977203369,52054657,2669079603,46580114,312196709,eth0,5474543,interface_name,0,0.0,2.9,0.0,3.7,0.0,88.6,4.9,cpu_number,0.0,11.4,0.0,0.0,1,0.0,0.0,0.0,1.8,0.0,90.4,7.8,cpu_number,0.0,9.6,0.0,0.0,Linux,3.16.0-30-generic,Ubuntu 14.04,rabbitmqserver,64bit,Ubuntu 14.04 64bit,disk_name,5.041499853134155,0,0,sr0,disk_name,5.041499853134155,0,0,sda5,disk_name,5.041499853134155,0,0,sda2,disk_name,5.041499853134155,0,40960,sda1,/,ext4,570130432,mnt_point,6206062592,90.8,5635932160,/dev/sda1,1778860032,319987712,326103040,15.2,1778860032,284971008,310472704,2098847744,12263424,1,99,138,98,1.3,0.0,2.8,0.0,89.5,6.4,0.0,0.0,10.5,0.0,0.0
2,0.09,0.17,0.09,0,0.0,2145382400,0,2145382400,0,30666,5.041213035583496,0,15333,0,15333,lo,0,interface_name,3033447927,5.041213035583496,52171615,2715764749,46685146,317683178,eth0,5486469,interface_name,0,0.0,3.4,0.0,4.4,0.0,86.0,6.2,cpu_number,0.0,14.0,0.0,0.0,1,0.0,0.0,0.0,2.6,0.0,92.0,5.4,cpu_number,0.0,8.0,0.0,0.0,Linux,3.16.0-30-generic,Ubuntu 14.04,rabbitmqserver,64bit,Ubuntu 14.04 64bit,disk_name,5.0409321784973145,0,0,sr0,disk_name,5.0409321784973145,0,0,sda5,disk_name,5.0409321784973145,0,0,sda2,disk_name,5.0409321784973145,0,20480,sda1,/,ext4,570122240,mnt_point,6206062592,90.8,5635940352,/dev/sda1,1793568768,305278976,326094848,14.5,1793568768,284971008,295981056,2098847744,12271616,1,99,138,98,1.7,0.0,3.5,0.0,88.9,5.9,0.0,0.0,10.9,0.0,0.0
2,0.08,0.17,0.09,0,0.0,2145382400,0,2145382400,0,30666,5.0579729080200195,0,15333,0,15333,lo,0,interface_name,3085721141,5.0579729080200195,52273214,2762543942,46779193,323177199,eth0,5494021,interface_name,0,0.0,2.7,0.0,3.7,0.0,89.0,4.7,cpu_number,0.0,11.0,0.0,0.0,1,0.0,0.0,0.0,1.2,0.0,92.6,6.2,cpu_number,0.0,7.4,0.0,0.0,Linux,3.16.0-30-generic,Ubuntu 14.04,rabbitmqserver,64bit,Ubuntu 14.04 64bit,disk_name,5.059154987335205,0,0,sr0,disk_name,5.059154987335205,0,0,sda5,disk_name,5.059154987335205,0,0,sda2,disk_name,5.059154987335205,0,12288,sda1,/,ext4,570122240,mnt_point,6206062592,90.8,5635940352,/dev/sda1,1790550016,308297728,326098944,14.7,1790550016,284975104,298885120,2098847744,12279808,1,99,138,98,1.4,0.0,2.3,0.0,90.6,5.7,0.0,0.0,9.3,0.0,0.0
2,0.24,0.2,0.1,0,0.0,2145382400,0,2145382400,0,30666,5.062587022781372,0,15333,0,15333,lo,0,interface_name,3138112476,5.062587022781372,52391335,2809439320,46895378,328673156,eth0,5495957,interface_name,0,0.0,2.8,0.0,4.1,0.0,89.0,4.1,cpu_number,0.0,11.0,0.0,0.0,1,0.0,0.0,0.0,1.6,0.0,90.0,8.4,cpu_number,0.0,10.0,0.0,0.0,Linux,3.16.0-30-generic,Ubuntu 14.04,rabbitmqserver,64bit,Ubuntu 14.04 64bit,disk_name,5.061525821685791,0,0,sr0,disk_name,5.061525821685791,0,0,sda5,disk_name,5.061525821685791,0,0,sda2,disk_name,5.061525821685791,0,0,sda1,/,ext4,570122240,mnt_point,6206062592,90.8,5635940352,/dev/sda1,1775034368,323813376,326107136,15.4,1775034368,284971008,314449920,2098847744,12279808,1,99,138,98,1.3,0.0,2.8,0.0,89.9,5.9,0.0,0.0,10.4,0.0,0.0
2,0.2,0.19,0.1,0,0.0,2145382400,0,2145382400,0,30666,5.043148040771484,0,15333,0,15333,lo,0,interface_name,3242450889,5.043148040771484,52173358,2902809897,46685609,339640992,eth0,5487749,interface_name,0,0.0,2.7,0.0,3.3,0.0,90.3,3.7,cpu_number,0.0,9.7,0.0,0.0,1,0.0,0.0,0.0,2.4,0.0,88.9,8.7,cpu_number,0.0,11.1,0.0,0.0,Linux,rabbitmqserver,disk_name,5.041110038757324,0,0,sr0,disk_name,5.041110038757324,0,0,sda5,disk_name,5.041110038757324,0,0,sda2,disk_name,5.041110038757324,0,12288,sda1,/,ext4,570122240,mnt_point,6206062592,90.8,5635940352,/dev/sda1,1769050112,329797632,326098944,15.7,1769050112,284971008,320581632,2098847744,12288000,1,99,138,98,1.0,0.1,2.6,0.0,89.7,6.5,0.0,0.0,10.2,0.0,0.0
2,0.26,0.2,0.11,0,0.0,2145382400,0,2145382400,0,30666,5.043212890625,0,15333,0,15333,lo,0,interface_name,3294625344,5.043212890625,52174455,2949496492,46686595,345128852,eth0,5487860,interface_name,0,0.0,2.5,0.0,3.7,0.0,90.1,3.7,cpu_number,0.0,9.9,0.0,0.0,1,0.0,0.0,0.0,1.8,0.0,90.8,7.4,cpu_number,0.0,9.2,0.0,0.0,Linux,rabbitmqserver,disk_name,5.043398141860962,0,0,sr0,disk_name,5.043398141860962,0,0,sda5,disk_name,5.043398141860962,0,0,sda2,disk_name,5.043398141860962,0,2134016,sda1,/,ext4,570130432,mnt_point,6206062592,90.8,5635932160,/dev/sda1,1762705408,336142336,326098944,16.0,1762705408,284954624,327180288,2098847744,12296192,1,98,1,138,97,1.4,0.0,2.8,0.0,89.6,6.2,0.0,0.0,10.3,0.0,0.0
2,0.24,0.2,0.11,0,0.0,2145382400,0,2145382400,0,30666,5.042448043823242,0,15333,0,15333,lo,0,interface_name,3346800616,5.042448043823242,52175272,2996186510,46690018,350614106,eth0,5485254,interface_name,Linux,3.16.0-30-generic,Ubuntu 14.04,rabbitmqserver,64bit,Ubuntu 14.04 64bit,disk_name,5.0436320304870605,0,0,sr0,disk_name,5.0436320304870605,0,0,sda5,disk_name,5.0436320304870605,0,0,sda2,disk_name,5.0436320304870605,0,36864,sda1,/,ext4,570130432,mnt_point,6206062592,90.8,5635932160,/dev/sda1,1758928896,339918848,326107136,16.2,1758928896,284954624,330723328,2098847744,12296192,1,99,138,98,1.2,0.0,2.8,0.0,90.4,5.6,0.0,0.0,9.7,0.0,0.0
2,0.22,0.2,0.1,0,0.0,2145382400,0,2145382400,0,30666,5.044980049133301,0,15333,0,15333,lo,0,interface_name,3398702919,5.044980049133301,51902303,3042635054,46448544,356067865,eth0,5453759,interface_name,0,0.0,2.5,0.0,3.5,0.0,88.3,5.7,cpu_number,0.0,11.7,0.0,0.0,1,0.0,0.0,0.0,1.2,0.0,92.5,6.3,cpu_number,0.0,7.5,0.0,0.0,Linux,rabbitmqserver,disk_name,5.042366981506348,0,0,sr0,disk_name,5.042366981506348,0,0,sda5,disk_name,5.042366981506348,0,0,sda2,disk_name,5.042366981506348,0,28672,sda1,/,ext4,570126336,mnt_point,6206062592,90.8,5635936256,/dev/sda1,1755934720,342913024,326098944,16.3,1755934720,284954624,333459456,2098847744,12304384,1,99,138,98,0.9,0.0,3.2,0.0,89.5,6.3,0.0,0.1,10.3,0.0,0.0
2,0.21,0.19,0.1,0,0.0,2145382400,0,2145382400,0,30666,5.041939973831177,0,15333,0,15333,lo,0,interface_name,3450471540,5.041939973831177,51768621,3088960086,46325032,361511454,eth0,5443589,interface_name,0,0.0,2.9,0.0,4.1,0.0,87.9,5.1,cpu_number,0.0,12.1,0.0,0.0,1,0.0,0.0,0.0,2.2,0.0,90.8,7.0,cpu_number,0.0,9.2,0.0,0.0,Linux,rabbitmqserver,disk_name,5.0445709228515625,0,0,sr0,disk_name,5.0445709228515625,0,0,sda5,disk_name,5.0445709228515625,0,0,sda2,disk_name,5.0445709228515625,0,0,sda1,/,ext4,570126336,mnt_point,6206062592,90.8,5635936256,/dev/sda1,1748852736,349995008,326111232,16.7,1748852736,284958720,340537344,2098847744,12304384,1,99,138,98,1.2,0.0,2.3,0.0,90.4,6.0,0.0,0.0,9.6,0.0,0.0
2,0.21,0.19,0.1,0,0.0,2145382400,0,2145382400,0,30666,5.041939973831177,0,15333,0,15333,lo,0,interface_name,3450471540,5.041939973831177,51768621,3088960086,46325032,361511454,eth0,5443589,interface_name,0,0.0,2.9,0.0,4.1,0.0,87.9,5.1,cpu_number,0.0,12.1,0.0,0.0,1,0.0,0.0,0.0,2.2,0.0,90.8,7.0,cpu_number,0.0,9.2,0.0,0.0,Linux,3.16.0-30-generic,Ubuntu 14.04,rabbitmqserver,64bit,Ubuntu 14.04 64bit,disk_name,5.042212009429932,0,0,sr0,disk_name,5.042212009429932,0,0,sda5,disk_name,5.042212009429932,0,0,sda2,disk_name,5.042212009429932,0,8192,sda1,/,ext4,570126336,mnt_point,6206062592,90.8,5635936256,/dev/sda1,1739636736,359211008,326103040,17.1,1739636736,284954624,350113792,2098847744,12312576,1,98,137,97,1.4,0.0,3.1,0.0,89.5,6.0,0.0,0.0,10.7,0.0,0.0
2,0.19,0.19,0.1,0,0.0,2145382400,0,2145382400,0,31796,5.04001784324646,1130,15898,565,15898,lo,565,interface_name,3502642971,5.04001784324646,52171431,3135658096,46698010,366984875,eth0,5473421,interface_name,0,0.0,3.1,0.0,3.7,0.0,87.6,5.7,cpu_number,0.0,12.4,0.0,0.0,1,0.0,0.0,0.0,1.8,0.0,91.5,6.7,cpu_number,0.0,8.5,0.0,0.0,Linux,3.16.0-30-generic,Ubuntu 14.04,rabbitmqserver,64bit,Ubuntu 14.04 64bit,disk_name,5.0399720668792725,0,0,sr0,disk_name,5.0399720668792725,0,0,sda5,disk_name,5.0399720668792725,0,0,sda2,disk_name,5.0399720668792725,0,16384,sda1,/,ext4,570126336,mnt_point,6206062592,90.8,5635936256,/dev/sda1,1731805184,367042560,326103040,17.5,1731805184,284954624,357568512,2098847744,12320768,1,98,137,97,1.4,0.1,2.6,0.0,89.7,6.2,0.0,0.0,10.4,0.0,0.0
2,0.16,0.18,0.1,0,0.0,2145382400,0,2145382400,0,31796,5.040428161621094,0,15898,0,15898,lo,0,interface_name,3607114499,5.040428161621094,52175450,3229151446,46693205,377963053,eth0,5482245,interface_name,0,0.0,2.3,0.0,4.1,0.0,88.9,4.7,cpu_number,0.0,11.1,0.0,0.0,1,0.0,0.0,0.0,1.8,0.0,90.4,7.8,cpu_number,0.0,9.6,0.0,0.0,Linux,rabbitmqserver,disk_name,5.04378080368042,0,0,sr0,disk_name,5.04378080368042,0,0,sda5,disk_name,5.04378080368042,0,0,sda2,disk_name,5.04378080368042,0,0,sda1,/,ext4,570126336,mnt_point,6206062592,90.8,5635936256,/dev/sda1,1735196672,363651072,326111232,17.3,1735196672,284954624,354365440,2098847744,12320768,1,98,137,97,1.1,0.0,2.4,0.0,89.6,6.8,0.0,0.0,10.4,0.0,0.0
2,0.16,0.18,0.1,0,0.0,2145382400,0,2145382400,0,31796,5.040428161621094,0,15898,0,15898,lo,0,interface_name,3607114499,5.040428161621094,52175450,3229151446,46693205,377963053,eth0,5482245,interface_name,0,0.0,2.3,0.0,4.1,0.0,88.9,4.7,cpu_number,0.0,11.1,0.0,0.0,1,0.0,0.0,0.0,1.8,0.0,90.4,7.8,cpu_number,0.0,9.6,0.0,0.0,Linux,3.16.0-30-generic,Ubuntu 14.04,rabbitmqserver,64bit,Ubuntu 14.04 64bit,disk_name,5.041746139526367,0,0,sr0,disk_name,5.041746139526367,0,0,sda5,disk_name,5.041746139526367,0,0,sda2,disk_name,5.041746139526367,0,12288,sda1,/,ext4,570126336,mnt_point,6206062592,90.8,5635936256,/dev/sda1,1710796800,388050944,326103040,18.5,1710796800,284954624,377565184,2098847744,12328960,1,98,137,97,1.2,0.0,3.0,0.0,89.5,6.3,0.0,0.0,10.3,0.0,0.0
2,0.15,0.18,0.1,0,0.0,2145382400,0,2145382400,0,31796,5.042638063430786,0,15898,0,15898,lo,0,interface_name,3659294902,5.042638063430786,52180403,3275847702,46696256,383447200,eth0,5484147,interface_name,0,0.0,4.2,0.0,4.0,0.0,85.4,6.4,cpu_number,0.0,14.6,0.0,0.0,1,0.0,0.0,0.2,1.6,0.0,92.8,5.4,cpu_number,0.0,7.2,0.0,0.0,Linux,3.16.0-30-generic,Ubuntu 14.04,rabbitmqserver,64bit,Ubuntu 14.04 64bit,disk_name,5.0416669845581055,0,0,sr0,disk_name,5.0416669845581055,0,0,sda5,disk_name,5.0416669845581055,0,0,sda2,disk_name,5.0416669845581055,0,8192,sda1,/,ext4,570122240,mnt_point,6206062592,90.8,5635940352,/dev/sda1,1705299968,393547776,326111232,18.8,1705299968,284954624,384118784,2098847744,12328960,1,98,137,97,2.1,0.0,2.6,0.0,89.5,5.8,0.0,0.0,10.6,0.0,0.0
2,0.14,0.18,0.1,0,0.0,2145382400,0,2145382400,0,31796,5.040588855743408,0,15898,0,15898,lo,0,interface_name,3711382869,5.040588855743408,52087967,3322464288,46616586,388918581,eth0,5471381,interface_name,0,0.0,3.7,0.0,3.3,0.0,88.1,4.9,cpu_number,0.0,11.9,0.0,0.0,1,0.0,0.0,0.0,2.4,0.0,90.2,7.4,cpu_number,0.0,9.8,0.0,0.0,Linux,3.16.0-30-generic,Ubuntu 14.04,rabbitmqserver,64bit,Ubuntu 14.04 64bit,disk_name,5.041184902191162,0,0,sr0,disk_name,5.041184902191162,0,0,sda5,disk_name,5.041184902191162,0,0,sda2,disk_name,5.041184902191162,0,20480,sda1,/,ext4,570122240,mnt_point,6206062592,90.8,5635940352,/dev/sda1,1703620608,395227136,326107136,18.8,1703620608,284958720,385536000,2098847744,12337152,1,98,137,97,1.8,0.0,2.9,0.0,89.0,6.3,0.0,0.0,11.0,0.0,0.0
2,0.12,0.18,0.1,0,0.0,2145382400,0,2145382400,0,31796,5.039588928222656,0,15898,0,15898,lo,0,interface_name,3763569219,5.039588928222656,52186350,3369162103,46697815,394407116,eth0,5488535,interface_name,0,0.0,3.3,0.0,3.9,0.0,88.1,4.7,cpu_number,0.0,11.9,0.0,0.0,1,0.0,0.0,0.0,2.8,0.0,90.7,6.6,cpu_number,0.0,9.3,0.0,0.0,Linux,3.16.0-30-generic,Ubuntu 14.04,rabbitmqserver,64bit,Ubuntu 14.04 64bit,disk_name,5.039391994476318,0,0,sr0,disk_name,5.039391994476318,0,0,sda5,disk_name,5.039391994476318,0,0,sda2,disk_name,5.039391994476318,0,0,sda1,/,ext4,570122240,mnt_point,6206062592,90.8,5635940352,/dev/sda1,1698267136,400580608,326115328,19.1,1698267136,284954624,391106560,2098847744,12337152,1,98,137,97,1.6,0.0,3.3,0.0,89.2,5.8,0.0,0.0,10.6,0.0,0.0
2,0.12,0.17,0.1,0,0.0,2145382400,0,2145382400,0,31796,5.043225049972534,0,15898,0,15898,lo,0,interface_name,3815864090,5.043225049972534,52294871,3415963297,46801194,399900793,eth0,5493677,interface_name,0,0.0,4.2,0.0,4.2,0.0,86.0,5.6,cpu_number,0.0,14.0,0.0,0.0,1,0.0,0.0,0.0,2.4,0.0,90.2,7.4,cpu_number,0.0,9.8,0.0,0.0,Linux,3.16.0-30-generic,Ubuntu 14.04,rabbitmqserver,64bit,Ubuntu 14.04 64bit,disk_name,5.0430591106414795,0,0,sr0,disk_name,5.0430591106414795,0,0,sda5,disk_name,5.0430591106414795,0,0,sda2,disk_name,5.0430591106414795,0,12288,sda1,/,ext4,570122240,mnt_point,6206062592,90.8,5635940352,/dev/sda1,1679011840,419835904,326107136,20.0,1679011840,284954624,410247168,2098847744,12345344,1,98,137,97,2.0,0.0,3.3,0.0,88.4,6.3,0.0,0.0,11.9,0.0,0.0
2,0.11,0.17,0.1,0,0.0,2145382400,0,2145382400,0,31796,5.042051076889038,0,15898,0,15898,lo,0,interface_name,3867923730,5.042051076889038,52059640,3462548793,46585496,405374937,eth0,5474144,interface_name,0,0.0,3.4,0.0,3.6,0.0,88.3,4.6,cpu_number,0.0,11.7,0.0,0.0,1,0.0,0.0,0.0,2.8,0.0,88.1,9.1,cpu_number,0.0,11.9,0.0,0.0,Linux,3.16.0-30-generic,Ubuntu 14.04,rabbitmqserver,64bit,Ubuntu 14.04 64bit,disk_name,5.041959047317505,0,0,sr0,disk_name,5.041959047317505,0,0,sda5,disk_name,5.041959047317505,0,0,sda2,disk_name,5.041959047317505,0,0,sda1,/,ext4,570122240,mnt_point,6206062592,90.8,5635940352,/dev/sda1,1683402752,415444992,326115328,19.8,1683402752,284954624,406081536,2098847744,12345344,1,98,137,97,1.7,0.0,3.1,0.0,88.2,7.0,0.0,0.0,11.7,0.0,0.0
2,0.1,0.17,0.1,0,0.0,2145382400,0,2145382400,0,31796,5.042701959609985,0,15898,0,15898,lo,0,interface_name,3920209816,5.042701959609985,52286086,3509339896,46791103,410869920,eth0,5494983,interface_name,0,0.0,4.0,0.0,3.8,0.0,86.7,5.6,cpu_number,0.0,13.3,0.0,0.0,1,0.0,0.0,0.0,1.8,0.0,90.8,7.4,cpu_number,0.0,9.2,0.0,0.0,Linux,3.16.0-30-generic,Ubuntu 14.04,rabbitmqserver,64bit,Ubuntu 14.04 64bit,disk_name,5.042809009552002,0,0,sr0,disk_name,5.042809009552002,0,0,sda5,disk_name,5.042809009552002,0,0,sda2,disk_name,5.042809009552002,0,12288,sda1,/,ext4,570118144,mnt_point,6206062592,90.8,5635944448,/dev/sda1,1677819904,421027840,326107136,20.1,1677819904,284954624,411717632,2098847744,12353536,1,98,137,97,2.0,0.0,2.9,0.0,88.8,6.3,0.0,0.0,11.3,0.0,0.0
2,0.08,0.16,0.1,0,0.0,2145382400,0,2145382400,0,31796,5.043029069900513,0,15898,0,15898,lo,0,interface_name,4024552184,5.043029069900513,52256331,3602711920,46768450,421840264,eth0,5487881,interface_name,0,0.0,2.6,0.0,4.0,0.0,88.8,4.6,cpu_number,0.0,11.2,0.0,0.0,1,0.0,0.0,0.0,2.0,0.0,90.0,8.0,cpu_number,0.0,10.0,0.0,0.0,Linux,rabbitmqserver,disk_name,5.040237903594971,0,0,sr0,disk_name,5.040237903594971,0,0,sda5,disk_name,5.040237903594971,0,0,sda2,disk_name,5.040237903594971,0,12288,sda1,/,ext4,570122240,mnt_point,6206062592,90.8,5635940352,/dev/sda1,1653923840,444923904,326119424,21.2,1653923840,284958720,435388416,2098847744,12353536,1,98,137,97,1.9,0.0,3.7,0.0,88.0,6.4,0.0,0.0,11.9,0.0,0.0
2,0.08,0.16,0.1,0,0.0,2145382400,0,2145382400,0,31796,5.043029069900513,0,15898,0,15898,lo,0,interface_name,4024552184,5.043029069900513,52256331,3602711920,46768450,421840264,eth0,5487881,interface_name,0,0.0,2.6,0.0,4.0,0.0,88.8,4.6,cpu_number,0.0,11.2,0.0,0.0,1,0.0,0.0,0.0,2.0,0.0,90.0,8.0,cpu_number,0.0,10.0,0.0,0.0,Linux,3.16.0-30-generic,Ubuntu 14.04,rabbitmqserver,64bit,Ubuntu 14.04 64bit,disk_name,5.044486999511719,0,0,sr0,disk_name,5.044486999511719,0,0,sda5,disk_name,5.044486999511719,0,0,sda2,disk_name,5.044486999511719,0,16384,sda1,/,ext4,570122240,mnt_point,6206062592,90.8,5635940352,/dev/sda1,1643225088,455622656,326111232,21.7,1643225088,284954624,446021632,2098847744,12361728,1,98,137,97,1.2,0.0,3.0,0.0,89.5,6.3,0.0,0.0,10.5,0.0,0.0
2,0.08,0.16,0.1,0,0.0,2145382400,0,2145382400,0,31796,5.041706800460815,0,15898,0,15898,lo,0,interface_name,4076611836,5.041706800460815,52059652,3649295709,46583789,427316127,eth0,5475863,interface_name,0,0.0,3.1,0.0,4.9,0.0,85.9,6.1,cpu_number,0.0,14.1,0.0,0.0,1,0.0,0.0,0.0,1.8,0.0,89.3,8.9,cpu_number,0.0,10.7,0.0,0.0,Linux,3.16.0-30-generic,Ubuntu 14.04,rabbitmqserver,64bit,Ubuntu 14.04 64bit,disk_name,5.040947914123535,0,0,sr0,disk_name,5.040947914123535,0,0,sda5,disk_name,5.040947914123535,0,0,sda2,disk_name,5.040947914123535,0,4096,sda1,/,ext4,570122240,mnt_point,6206062592,90.8,5635940352,/dev/sda1,1636929536,461918208,326119424,22.0,1636929536,284954624,452530176,2098847744,12361728,1,98,137,97,1.6,0.0,3.4,0.0,87.7,7.4,0.0,0.0,12.3,0.0,0.0
2,0.15,0.17,0.1,0,0.0,2145382400,0,2145382400,0,32926,5.042447090148926,1130,16463,565,16463,lo,565,interface_name,4128672268,5.042447090148926,52060432,3695878832,46583123,432793436,eth0,5477309,interface_name,0,0.0,2.9,0.0,4.1,0.0,84.7,8.3,cpu_number,0.0,15.3,0.0,0.0,1,0.0,0.0,0.0,2.0,0.0,90.5,7.5,cpu_number,0.0,9.5,0.0,0.0,Linux,3.16.0-30-generic,Ubuntu 14.04,rabbitmqserver,64bit,Ubuntu 14.04 64bit,disk_name,5.042067050933838,0,0,sr0,disk_name,5.042067050933838,0,0,sda5,disk_name,5.042067050933838,0,0,sda2,disk_name,5.042067050933838,0,12288,sda1,/,ext4,570122240,mnt_point,6206062592,90.8,5635940352,/dev/sda1,1647652864,451194880,326111232,21.5,1647652864,284954624,441610240,2098847744,12369920,1,98,137,97,1.6,0.1,3.0,0.0,87.3,7.9,0.0,0.0,12.6,0.0,0.0
2,0.14,0.17,0.1,0,0.0,2145382400,0,2145382400,0,32926,5.044065952301025,0,16463,0,16463,lo,0,interface_name,4180847147,5.044065952301025,52174879,3742568536,46689704,438278611,eth0,5485175,interface_name,0,0.0,4.3,0.0,5.0,0.0,83.4,7.4,cpu_number,0.0,16.6,0.0,0.0,1,0.0,0.0,0.0,2.8,0.0,89.7,7.5,cpu_number,0.0,10.3,0.0,0.0,Linux,3.16.0-30-generic,Ubuntu 14.04,rabbitmqserver,64bit,Ubuntu 14.04 64bit,disk_name,5.043864965438843,0,0,sr0,disk_name,5.043864965438843,0,0,sda5,disk_name,5.043864965438843,0,0,sda2,disk_name,5.043864965438843,0,0,sda1,/,ext4,570122240,mnt_point,6206062592,90.8,5635940352,/dev/sda1,1617305600,481542144,326119424,22.9,1617305600,284954624,471609344,2098847744,12369920,1,98,137,97,2.1,0.0,3.8,0.0,86.5,7.5,0.0,0.0,13.5,0.0,0.0
2,0.13,0.17,0.1,0,0.0,2145382400,0,2145382400,0,32926,5.04291296005249,0,16463,0,16463,lo,0,interface_name,4233019382,5.04291296005249,52172235,3789255688,46687152,443763694,eth0,5485083,interface_name,0,0.0,3.5,0.0,4.5,0.0,84.2,7.8,cpu_number,0.0,15.8,0.0,0.0,1,0.0,0.0,0.0,1.8,0.0,89.7,8.5,cpu_number,0.0,10.3,0.0,0.0,Linux,3.16.0-30-generic,Ubuntu 14.04,rabbitmqserver,64bit,Ubuntu 14.04 64bit,disk_name,5.0427961349487305,0,0,sr0,disk_name,5.0427961349487305,0,0,sda5,disk_name,5.0427961349487305,0,0,sda2,disk_name,5.0427961349487305,0,8192,sda1,/,ext4,570114048,mnt_point,6206062592,90.8,5635948544,/dev/sda1,1608617984,490229760,326111232,23.4,1608617984,284954624,480710656,2098847744,12378112,1,98,137,97,1.8,0.0,3.1,0.0,86.9,8.2,0.0,0.0,12.9,0.0,0.0
2,0.12,0.16,0.1,0,0.0,2145382400,0,2145382400,0,32926,5.0437331199646,0,16463,0,16463,lo,0,interface_name,4285195604,5.0437331199646,52176222,3835943318,46687630,449252286,eth0,5488592,interface_name,0,0.0,4.3,0.0,4.5,0.0,83.9,7.4,cpu_number,0.0,16.1,0.0,0.0,1,0.0,0.0,0.2,1.8,0.0,90.1,7.9,cpu_number,0.0,9.9,0.0,0.0,Linux,3.16.0-30-generic,Ubuntu 14.04,rabbitmqserver,64bit,Ubuntu 14.04 64bit,disk_name,5.043652057647705,0,0,sr0,disk_name,5.043652057647705,0,0,sda5,disk_name,5.043652057647705,0,0,sda2,disk_name,5.043652057647705,0,4096,sda1,/,ext4,570114048,mnt_point,6206062592,90.8,5635948544,/dev/sda1,1594277888,504569856,326123520,24.0,1594277888,284958720,495288320,2098847744,12378112,1,98,137,97,2.1,0.0,3.1,0.0,87.2,7.6,0.0,0.0,13.1,0.0,0.0
2,0.19,0.18,0.11,0,0.0,2145382400,0,2145382400,0,32926,5.0423338413238525,0,16463,0,16463,lo,0,interface_name,4337371656,5.0423338413238525,52176052,3882631291,46687973,454740365,eth0,5488079,interface_name,0,0.0,4.1,0.0,4.9,0.0,85.2,5.7,cpu_number,0.0,14.8,0.0,0.0,1,0.0,0.0,0.0,2.2,0.0,90.1,7.7,cpu_number,0.0,9.9,0.0,0.0,Linux,3.16.0-30-generic,Ubuntu 14.04,rabbitmqserver,64bit,Ubuntu 14.04 64bit,disk_name,5.04232382774353,0,0,sr0,disk_name,5.04232382774353,0,0,sda5,disk_name,5.04232382774353,0,0,sda2,disk_name,5.04232382774353,0,24576,sda1,/,ext4,570118144,mnt_point,6206062592,90.8,5635944448,/dev/sda1,1588666368,510181376,326115328,24.3,1588666368,284954624,500535296,2098847744,12386304,1,98,137,97,2.1,0.0,3.6,0.0,87.6,6.7,0.0,0.0,12.3,0.0,0.0
2,0.17,0.18,0.11,0,0.0,2145382400,0,2145382400,0,32926,5.040734052658081,0,16463,0,16463,lo,0,interface_name,4389425677,5.040734052658081,52054021,3929213151,46581860,460212526,eth0,5472161,interface_name,0,0.0,3.2,0.0,3.8,0.0,87.1,6.0,cpu_number,0.0,12.9,0.0,0.0,1,0.0,0.0,0.0,2.4,0.0,89.5,8.1,cpu_number,0.0,10.5,0.0,0.0,Linux,3.16.0-30-generic,Ubuntu 14.04,rabbitmqserver,64bit,Ubuntu 14.04 64bit,disk_name,5.04098105430603,0,0,sr0,disk_name,5.04098105430603,0,0,sda5,disk_name,5.04098105430603,0,0,sda2,disk_name,5.04098105430603,0,20480,sda1,/,ext4,570118144,mnt_point,6206062592,90.8,5635944448,/dev/sda1,1590390784,508456960,326123520,24.2,1590390784,284954624,498868224,2098847744,12386304,1,98,137,97,1.7,0.0,3.2,0.0,88.2,6.9,0.0,0.0,11.8,0.0,0.0
2,0.16,0.17,0.11,0,0.0,2145382400,0,2145382400,0,32926,5.042119026184082,0,16463,0,16463,lo,0,interface_name,4441596307,5.042119026184082,52170630,3975899404,46686253,465696903,eth0,5484377,interface_name,0,0.0,3.4,0.0,3.4,0.0,88.1,4.8,cpu_number,0.2,11.9,0.0,0.0,1,0.0,0.0,0.0,3.4,0.0,88.1,8.5,cpu_number,0.0,11.9,0.0,0.0,Linux,3.16.0-30-generic,Ubuntu 14.04,rabbitmqserver,64bit,Ubuntu 14.04 64bit,disk_name,5.04212498664856,0,0,sr0,disk_name,5.04212498664856,0,0,sda5,disk_name,5.04212498664856,0,0,sda2,disk_name,5.04212498664856,0,12288,sda1,/,ext4,570118144,mnt_point,6206062592,90.8,5635944448,/dev/sda1,1581195264,517652480,326115328,24.7,1581195264,284954624,507957248,2098847744,12394496,1,98,137,97,1.7,0.0,3.4,0.0,88.0,6.8,0.0,0.1,11.9,0.0,0.0
2,0.15,0.17,0.11,0,0.0,2145382400,0,2145382400,0,32926,5.042320966720581,0,16463,0,16463,lo,0,interface_name,4493781051,5.042320966720581,52184744,4022596069,46696665,471184982,eth0,5488079,interface_name,0,0.0,3.6,0.0,3.8,0.0,87.3,5.2,cpu_number,0.0,12.7,0.0,0.0,1,0.0,0.0,0.0,3.0,0.0,90.1,7.0,cpu_number,0.0,9.9,0.0,0.0,Linux,3.16.0-30-generic,Ubuntu 14.04,rabbitmqserver,64bit,Ubuntu 14.04 64bit,disk_name,5.042365074157715,0,0,sr0,disk_name,5.042365074157715,0,0,sda5,disk_name,5.042365074157715,0,0,sda2,disk_name,5.042365074157715,0,0,sda1,/,ext4,570109952,mnt_point,6206062592,90.8,5635952640,/dev/sda1,1577259008,521588736,326123520,24.9,1577259008,284954624,511832064,2098847744,12394496,1,98,137,97,1.8,0.0,3.3,0.0,88.7,6.2,0.0,0.0,11.2,0.0,0.0
2,0.13,0.17,0.1,0,0.0,2145382400,0,2145382400,0,32926,5.04308009147644,0,16463,0,16463,lo,0,interface_name,4546086912,5.04308009147644,52305861,4069414960,46818891,476671952,eth0,5486970,interface_name,0,0.0,4.8,0.0,4.2,0.0,83.1,8.0,cpu_number,0.0,16.9,0.0,0.0,1,0.0,0.0,0.0,2.0,0.0,92.7,5.2,cpu_number,0.0,7.3,0.0,0.0,Linux,3.16.0-30-generic,Ubuntu 14.04,rabbitmqserver,64bit,Ubuntu 14.04 64bit,disk_name,5.042811870574951,0,0,sr0,disk_name,5.042811870574951,0,0,sda5,disk_name,5.042811870574951,0,0,sda2,disk_name,5.042811870574951,0,12288,sda1,/,ext4,570109952,mnt_point,6206062592,90.8,5635952640,/dev/sda1,1567576064,531271680,326119424,25.3,1567576064,284958720,521826304,2098847744,12402688,1,98,137,97,2.3,0.0,3.1,0.0,88.1,6.5,0.0,0.0,12.0,0.0,0.0
2,0.12,0.16,0.1,0,0.0,2145382400,0,2145382400,0,32926,5.041956901550293,0,16463,0,16463,lo,0,interface_name,4598143850,5.041956901550293,52056938,4116006067,46591107,482137783,eth0,5465831,interface_name,0,0.0,5.5,2.2,6.5,0.0,68.3,17.4,cpu_number,0.0,31.7,0.0,0.0,1,0.0,0.0,7.3,4.7,0.0,75.3,12.8,cpu_number,0.0,24.7,0.0,0.0,Linux,3.16.0-30-generic,Ubuntu 14.04,rabbitmqserver,64bit,Ubuntu 14.04 64bit,disk_name,5.042587995529175,0,0,sr0,disk_name,5.042587995529175,0,0,sda5,disk_name,5.042587995529175,0,0,sda2,disk_name,5.042587995529175,65536,65146880,sda1,/,ext4,490291200,mnt_point,6206062592,92.1,5715771392,/dev/sda1,1537294336,561553408,405901312,26.8,1537294336,364425216,549748736,2098847744,12435456,1,98,137,97,2.9,4.7,5.6,0.0,71.7,15.0,0.0,0.0,28.3,0.0,0.0
2,0.27,0.19,0.11,0,0.0,2145382400,0,2145382400,0,32926,5.04077410697937,0,16463,0,16463,lo,0,interface_name,4650238247,5.04077410697937,52094397,4162637537,46631470,487600710,eth0,5462927,interface_name,0,0.0,3.3,1.8,4.3,0.0,82.8,7.8,cpu_number,0.0,17.2,0.0,0.0,1,0.0,0.0,1.4,1.8,0.0,87.7,9.1,cpu_number,0.0,12.3,0.0,0.0,Linux,3.16.0-30-generic,Ubuntu 14.04,rabbitmqserver,64bit,Ubuntu 14.04 64bit,disk_name,5.040884971618652,0,0,sr0,disk_name,5.040884971618652,0,0,sda5,disk_name,5.040884971618652,0,0,sda2,disk_name,5.040884971618652,0,16818176,sda1,/,ext4,487251968,mnt_point,6206062592,92.1,5718810624,/dev/sda1,1520697344,578150400,408981504,27.5,1520697344,367497216,566071296,2098847744,12443648,1,98,137,97,1.6,1.7,3.0,0.0,85.0,8.6,0.0,0.0,15.0,0.0,0.0
2,0.25,0.19,0.11,0,0.0,2145382400,0,2145382400,0,34056,5.0434348583221436,1130,17028,565,17028,lo,565,interface_name,4702541664,5.0434348583221436,52303417,4209456571,46819034,493085093,eth0,5484383,interface_name,0,0.0,4.5,1.4,4.1,0.0,77.2,12.8,cpu_number,0.0,22.8,0.0,0.0,1,0.0,0.0,3.2,3.0,0.0,83.2,10.5,cpu_number,0.0,16.8,0.0,0.0,Linux,3.16.0-30-generic,Ubuntu 14.04,rabbitmqserver,64bit,Ubuntu 14.04 64bit,disk_name,5.042788028717041,0,0,sr0,disk_name,5.042788028717041,0,0,sda5,disk_name,5.042788028717041,0,0,sda2,disk_name,5.042788028717041,0,33656832,sda1,/,ext4,444178432,mnt_point,6206062592,92.8,5761884160,/dev/sda1,1520680960,578166784,452030464,27.5,1520680960,410374144,565784576,2098847744,12468224,1,98,137,97,2.2,2.2,3.7,0.0,80.3,11.5,0.0,0.0,19.6,0.0,0.0
2,0.23,0.19,0.11,0,0.0,2145382400,0,2145382400,0,34056,5.041125059127808,0,17028,0,17028,lo,0,interface_name,4754855638,5.041125059127808,52313974,4256285904,46829333,498569734,eth0,5484641,interface_name,0,0.0,3.4,0.0,4.2,0.0,83.6,8.8,cpu_number,0.0,16.4,0.0,0.0,1,0.0,0.0,0.0,2.6,0.0,88.5,8.9,cpu_number,0.0,11.5,0.0,0.0,Linux,3.16.0-30-generic,Ubuntu 14.04,rabbitmqserver,64bit,Ubuntu 14.04 64bit,disk_name,5.0410661697387695,0,0,sr0,disk_name,5.0410661697387695,0,0,sda5,disk_name,5.0410661697387695,0,0,sda2,disk_name,5.0410661697387695,0,36864,sda1,/,ext4,440999936,mnt_point,6206062592,92.9,5765062656,/dev/sda1,1538117632,560730112,455151616,26.7,1538117632,413503488,548294656,2098847744,12476416,1,98,137,97,1.7,0.1,3.4,0.0,85.9,8.8,0.0,0.0,14.0,0.0,0.0
2,0.2,0.18,0.11,0,0.0,2145382400,0,2145382400,0,34056,5.039560079574585,0,17028,0,17028,lo,0,interface_name,4859474625,5.039560079574585,52309423,4349925104,46819086,509549521,eth0,5490337,interface_name,0,0.0,2.8,0.0,4.5,0.0,83.7,8.9,cpu_number,0.0,16.3,0.0,0.0,1,0.0,0.0,0.0,1.8,0.0,87.7,10.5,cpu_number,0.0,12.3,0.0,0.0,Linux,rabbitmqserver,disk_name,5.046953916549683,0,0,sr0,disk_name,5.046953916549683,0,0,sda5,disk_name,5.046953916549683,0,0,sda2,disk_name,5.046953916549683,8192,33677312,sda1,/,ext4,415895552,mnt_point,6206062592,93.3,5790167040,/dev/sda1,1522786304,576061440,480325632,27.4,1522786304,438558720,562958336,2098847744,12492800,1,98,137,97,1.9,2.9,4.2,0.0,79.9,11.0,0.0,0.0,20.1,0.0,0.0
2,0.2,0.18,0.11,0,0.0,2145382400,0,2145382400,0,34056,5.039560079574585,0,17028,0,17028,lo,0,interface_name,4859474625,5.039560079574585,52309423,4349925104,46819086,509549521,eth0,5490337,interface_name,0,0.0,2.8,0.0,4.5,0.0,83.7,8.9,cpu_number,0.0,16.3,0.0,0.0,1,0.0,0.0,0.0,1.8,0.0,87.7,10.5,cpu_number,0.0,12.3,0.0,0.0,Linux,3.16.0-30-generic,Ubuntu 14.04,rabbitmqserver,64bit,Ubuntu 14.04 64bit,disk_name,5.039971113204956,0,0,sr0,disk_name,5.039971113204956,0,0,sda5,disk_name,5.039971113204956,0,0,sda2,disk_name,5.039971113204956,0,32768,sda1,/,ext4,411668480,mnt_point,6206062592,93.4,5794394112,/dev/sda1,1519321088,579526656,484540416,27.6,1519321088,442753024,561315840,2098847744,12500992,1,98,137,97,1.4,0.0,3.1,0.0,85.7,9.7,0.0,0.0,14.4,0.0,0.0
2,0.17,0.18,0.11,0,0.0,2145382400,0,2145382400,0,34056,5.041141986846924,0,17028,0,17028,lo,0,interface_name,4963925619,5.041141986846924,52263667,4443419488,46778696,520506131,eth0,5484971,interface_name,0,0.0,3.1,0.0,4.1,0.0,84.9,7.9,cpu_number,0.0,15.1,0.0,0.0,1,0.0,0.0,0.0,2.6,0.0,85.1,12.3,cpu_number,0.0,14.9,0.0,0.0,Linux,rabbitmqserver,disk_name,5.038603782653809,0,0,sr0,disk_name,5.038603782653809,0,0,sda5,disk_name,5.038603782653809,0,0,sda2,disk_name,5.038603782653809,0,16805888,sda1,/,ext4,396996608,mnt_point,6206062592,93.6,5809065984,/dev/sda1,1495244800,603602944,499216384,28.8,1495244800,457375744,589586432,2098847744,12509184,1,98,137,97,1.4,0.6,4.2,0.0,83.0,10.8,0.0,0.0,17.0,0.0,0.0
2,0.17,0.18,0.11,0,0.0,2145382400,0,2145382400,0,34056,5.041141986846924,0,17028,0,17028,lo,0,interface_name,4963925619,5.041141986846924,52263667,4443419488,46778696,520506131,eth0,5484971,interface_name,0,0.0,3.1,0.0,4.1,0.0,84.9,7.9,cpu_number,0.0,15.1,0.0,0.0,1,0.0,0.0,0.0,2.6,0.0,85.1,12.3,cpu_number,0.0,14.9,0.0,0.0,Linux,3.16.0-30-generic,Ubuntu 14.04,rabbitmqserver,64bit,Ubuntu 14.04 64bit,disk_name,5.041086196899414,0,0,sr0,disk_name,5.041086196899414,0,0,sda5,disk_name,5.041086196899414,0,0,sda2,disk_name,5.041086196899414,0,32768,sda1,/,ext4,392769536,mnt_point,6206062592,93.7,5813293056,/dev/sda1,1518764032,580083712,503431168,27.6,1518764032,461574144,565878784,2098847744,12517376,1,98,137,97,1.5,0.0,3.4,0.0,84.9,10.2,0.0,0.0,14.9,0.0,0.0
2,0.31,0.21,0.12,0,0.0,2145382400,0,2145382400,0,34056,5.046627998352051,0,17028,0,17028,lo,0,interface_name,4980176113,5.046627998352051,16250494,4457529522,14110034,522646591,eth0,2140460,interface_name,0,0.0,1.6,0.0,1.4,0.0,93.1,3.8,cpu_number,0.0,6.9,0.0,0.0,1,0.0,0.0,3.4,1.2,0.0,89.0,6.4,cpu_number,0.0,11.0,0.0,0.0,Linux,3.16.0-30-generic,Ubuntu 14.04,rabbitmqserver,64bit,Ubuntu 14.04 64bit,disk_name,5.046689987182617,0,0,sr0,disk_name,5.046689987182617,0,0,sda5,disk_name,5.046689987182617,0,0,sda2,disk_name,5.046689987182617,0,16809984,sda1,/,ext4,387608576,mnt_point,6206062592,93.8,5818454016,/dev/sda1,1661255680,437592064,508620800,20.8,1661255680,466747392,422801408,2098847744,12525568,1,98,137,97,0.8,1.7,1.4,0.0,91.1,5.0,0.0,0.0,9.1,0.0,0.0
2,0.29,0.2,0.12,0,0.0,2145382400,0,2145382400,0,34056,5.042552947998047,0,17028,0,17028,lo,0,interface_name,4980294899,5.042552947998047,118786,4457627805,98283,522667094,eth0,20503,interface_name,0,0.0,0.0,0.2,0.2,0.0,99.0,0.6,cpu_number,0.0,1.0,0.0,0.0,1,0.0,0.0,0.0,0.2,0.0,99.2,0.6,cpu_number,0.0,0.8,0.0,0.0,Linux,3.16.0-30-generic,Ubuntu 14.04,rabbitmqserver,64bit,Ubuntu 14.04 64bit,disk_name,5.042411804199219,0,0,sr0,disk_name,5.042411804199219,0,0,sda5,disk_name,5.042411804199219,0,0,sda2,disk_name,5.042411804199219,0,40960,sda1,/,ext4,387604480,mnt_point,6206062592,93.8,5818458112,/dev/sda1,1705558016,393289728,508620800,18.7,1705558016,466747392,378458112,2098847744,12533760,1,98,137,97,0.0,0.0,0.1,0.0,99.3,0.6,0.0,0.0,0.7,0.0,0.0
2,0.34,0.22,0.13,0,0.0,2145382400,0,2145382400,0,34056,5.042536973953247,0,17028,0,17028,lo,0,interface_name,4980406070,5.042536973953247,111171,4457737921,110116,522668149,eth0,1055,interface_name,0,0.0,0.0,0.0,0.2,0.0,99.0,0.8,cpu_number,0.0,1.0,0.0,0.0,1,0.0,0.0,0.0,0.2,0.0,99.6,0.2,cpu_number,0.0,0.4,0.0,0.0,Linux,3.16.0-30-generic,Ubuntu 14.04,rabbitmqserver,64bit,Ubuntu 14.04 64bit,disk_name,5.042504072189331,0,0,sr0,disk_name,5.042504072189331,0,0,sda5,disk_name,5.042504072189331,0,0,sda2,disk_name,5.042504072189331,0,20480,sda1,/,ext4,387604480,mnt_point,6206062592,93.8,5818458112,/dev/sda1,1747140608,351707136,508616704,16.8,1747140608,466751488,336912384,2098847744,12541952,1,98,137,97,0.0,0.1,0.2,0.0,99.2,0.5,0.0,0.0,0.8,0.0,0.0
2,0.32,0.21,0.13,0,0.0,2145382400,0,2145382400,0,34056,5.041665077209473,0,17028,0,17028,lo,0,interface_name,4980504769,5.041665077209473,98699,4457835249,97328,522669520,eth0,1371,interface_name,0,0.0,0.0,0.0,0.2,0.0,99.4,0.4,cpu_number,0.0,0.6,0.0,0.0,1,0.0,0.0,0.0,0.0,0.0,99.4,0.6,cpu_number,0.0,0.6,0.0,0.0,Linux,3.16.0-30-generic,Ubuntu 14.04,rabbitmqserver,64bit,Ubuntu 14.04 64bit,disk_name,5.041725158691406,0,0,sr0,disk_name,5.041725158691406,0,0,sda5,disk_name,5.041725158691406,0,0,sda2,disk_name,5.041725158691406,0,45056,sda1,/,ext4,387604480,mnt_point,6206062592,93.8,5818458112,/dev/sda1,1747275776,351571968,508616704,16.8,1747275776,466747392,336801792,2098847744,12550144,1,98,137,97,0.0,0.0,0.2,0.0,99.4,0.4,0.0,0.0,0.6,0.0,0.0
2,0.29,0.21,0.13,0,0.0,2145382400,0,2145382400,0,34056,5.043101072311401,0,17028,0,17028,lo,0,interface_name,4980623139,5.043101072311401,118370,4457952564,117315,522670575,eth0,1055,interface_name,0,0.0,0.0,0.0,0.2,0.0,99.4,0.4,cpu_number,0.0,0.6,0.0,0.0,1,0.0,0.0,0.0,0.4,0.0,99.2,0.4,cpu_number,0.0,0.8,0.0,0.0,Linux,3.16.0-30-generic,Ubuntu 14.04,rabbitmqserver,64bit,Ubuntu 14.04 64bit,disk_name,5.043271780014038,0,0,sr0,disk_name,5.043271780014038,0,0,sda5,disk_name,5.043271780014038,0,0,sda2,disk_name,5.043271780014038,0,0,sda1,/,ext4,387604480,mnt_point,6206062592,93.8,5818458112,/dev/sda1,1746554880,352292864,508624896,16.8,1746554880,466747392,337354752,2098847744,12550144,1,98,137,97,0.0,0.0,0.2,0.0,99.3,0.5,0.0,0.0,0.7,0.0,0.0
2,0.27,0.21,0.12,0,0.0,2145382400,0,2145382400,0,34056,5.041198968887329,0,17028,0,17028,lo,0,interface_name,4980721485,5.041198968887329,98346,4458049921,97357,522671564,eth0,989,interface_name,0,0.0,0.0,0.0,0.2,0.0,99.4,0.4,cpu_number,0.0,0.6,0.0,0.0,1,0.0,0.0,0.0,0.0,0.0,99.4,0.6,cpu_number,0.0,0.6,0.0,0.0,Linux,3.16.0-30-generic,Ubuntu 14.04,rabbitmqserver,64bit,Ubuntu 14.04 64bit,disk_name,5.04107403755188,0,0,sr0,disk_name,5.04107403755188,0,0,sda5,disk_name,5.04107403755188,0,0,sda2,disk_name,5.04107403755188,0,12288,sda1,/,ext4,387604480,mnt_point,6206062592,93.8,5818458112,/dev/sda1,1745108992,353738752,508616704,16.9,1745108992,466747392,338870272,2098847744,12558336,1,98,137,97,0.0,0.0,0.2,0.0,99.3,0.5,0.0,0.0,0.8,0.0,0.0
2,0.25,0.2,0.12,0,0.0,2145382400,0,2145382400,0,35186,5.042330980300903,1130,17593,565,17593,lo,565,interface_name,4980819967,5.042330980300903,98482,4458147408,97487,522672559,eth0,995,interface_name,0,0.0,0.2,0.0,0.4,0.0,98.6,0.8,cpu_number,0.0,1.4,0.0,0.0,1,0.0,0.0,0.0,0.4,0.0,98.6,1.0,cpu_number,0.0,1.4,0.0,0.0,Linux,3.16.0-30-generic,Ubuntu 14.04,rabbitmqserver,64bit,Ubuntu 14.04 64bit,disk_name,5.042243003845215,0,0,sr0,disk_name,5.042243003845215,0,0,sda5,disk_name,5.042243003845215,0,0,sda2,disk_name,5.042243003845215,4096,8192,sda1,/,ext4,387608576,mnt_point,6206062592,93.8,5818454016,/dev/sda1,1672048640,426799104,508624896,20.3,1672048640,466747392,411807744,2098847744,12558336,1,98,137,97,0.0,0.0,0.3,0.0,98.8,0.9,0.0,0.0,1.0,0.0,0.0
2,0.23,0.2,0.12,0,0.0,2145382400,0,2145382400,0,35186,5.042593002319336,0,17593,0,17593,lo,0,interface_name,4980918689,5.042593002319336,98722,4458245015,97607,522673674,eth0,1115,interface_name,0,0.0,0.0,0.0,0.2,0.0,99.8,0.0,cpu_number,0.0,0.2,0.0,0.0,1,0.0,0.0,0.0,0.0,0.0,99.2,0.8,cpu_number,0.0,0.8,0.0,0.0,Linux,3.16.0-30-generic,Ubuntu 14.04,rabbitmqserver,64bit,Ubuntu 14.04 64bit,disk_name,5.042551040649414,0,0,sr0,disk_name,5.042551040649414,0,0,sda5,disk_name,5.042551040649414,0,0,sda2,disk_name,5.042551040649414,0,28672,sda1,/,ext4,387608576,mnt_point,6206062592,93.8,5818454016,/dev/sda1,1731760128,367087616,508628992,17.5,1731760128,466751488,352354304,2098847744,12566528,1,98,137,97,0.0,0.0,0.2,0.0,99.4,0.4,0.0,0.0,0.7,0.0,0.0
2,0.21,0.2,0.12,0,0.0,2145382400,0,2145382400,0,35186,5.04571795463562,0,17593,0,17593,lo,0,interface_name,4981017215,5.04571795463562,98526,4458342552,97537,522674663,eth0,989,interface_name,0,0.0,0.0,0.0,0.2,0.0,99.0,0.8,cpu_number,0.0,1.0,0.0,0.0,1,0.0,0.0,0.0,0.2,0.0,99.4,0.4,cpu_number,0.0,0.6,0.0,0.0,Linux,3.16.0-30-generic,Ubuntu 14.04,rabbitmqserver,64bit,Ubuntu 14.04 64bit,disk_name,5.046041011810303,0,0,sr0,disk_name,5.046041011810303,0,0,sda5,disk_name,5.046041011810303,0,0,sda2,disk_name,5.046041011810303,0,28672,sda1,/,ext4,387612672,mnt_point,6206062592,93.8,5818449920,/dev/sda1,1754714112,344133632,508620800,16.4,1754714112,466747392,329441280,2098847744,12574720,1,98,137,97,0.0,0.0,0.2,0.0,99.4,0.4,0.0,0.0,0.7,0.0,0.0
2,0.19,0.19,0.12,0,0.0,2145382400,0,2145382400,0,35186,5.042395114898682,0,17593,0,17593,lo,0,interface_name,4981116113,5.042395114898682,98898,4458440145,97593,522675968,eth0,1305,interface_name,0,0.0,0.0,0.0,0.6,0.0,99.0,0.4,cpu_number,0.0,1.0,0.0,0.0,1,0.0,0.0,0.0,0.0,0.0,99.8,0.2,cpu_number,0.0,0.2,0.0,0.0,Linux,3.16.0-30-generic,Ubuntu 14.04,rabbitmqserver,64bit,Ubuntu 14.04 64bit,disk_name,5.042264938354492,0,0,sr0,disk_name,5.042264938354492,0,0,sda5,disk_name,5.042264938354492,0,0,sda2,disk_name,5.042264938354492,0,12288,sda1,/,ext4,387612672,mnt_point,6206062592,93.8,5818449920,/dev/sda1,1757720576,341127168,508620800,16.3,1757720576,466747392,326443008,2098847744,12582912,1,98,137,97,0.0,0.0,0.3,0.0,99.4,0.3,0.0,0.0,0.5,0.0,0.0
2,0.18,0.19,0.12,0,0.0,2145382400,0,2145382400,0,35186,5.042922019958496,0,17593,0,17593,lo,0,interface_name,4981214743,5.042922019958496,98630,4458537786,97641,522676957,eth0,989,interface_name,0,0.0,0.0,0.2,0.4,0.0,98.8,0.6,cpu_number,0.0,1.2,0.0,0.0,1,0.0,0.0,0.0,0.2,0.0,99.8,0.0,cpu_number,0.0,0.2,0.0,0.0,Linux,3.16.0-30-generic,Ubuntu 14.04,rabbitmqserver,64bit,Ubuntu 14.04 64bit,disk_name,5.042867183685303,0,0,sr0,disk_name,5.042867183685303,0,0,sda5,disk_name,5.042867183685303,0,0,sda2,disk_name,5.042867183685303,0,28672,sda1,/,ext4,387612672,mnt_point,6206062592,93.8,5818449920,/dev/sda1,1756139520,342708224,508628992,16.3,1756139520,466747392,327991296,2098847744,12582912,1,98,137,97,0.0,0.0,0.1,0.0,99.4,0.5,0.0,0.0,0.7,0.0,0.0
2,0.16,0.19,0.12,0,0.0,2145382400,0,2145382400,0,35186,5.0438477993011475,0,17593,0,17593,lo,0,interface_name,4981313546,5.0438477993011475,98803,4458635480,97694,522678066,eth0,1109,interface_name,0,0.0,0.0,0.0,0.0,0.0,99.8,0.2,cpu_number,0.0,0.2,0.0,0.0,1,0.0,0.0,0.0,0.0,0.0,99.0,1.0,cpu_number,0.0,1.0,0.0,0.0,Linux,3.16.0-30-generic,Ubuntu 14.04,rabbitmqserver,64bit,Ubuntu 14.04 64bit,disk_name,5.043984889984131,0,0,sr0,disk_name,5.043984889984131,0,0,sda5,disk_name,5.043984889984131,0,0,sda2,disk_name,5.043984889984131,0,8192,sda1,/,ext4,387612672,mnt_point,6206062592,93.8,5818449920,/dev/sda1,1755844608,343003136,508620800,16.3,1755844608,466747392,328130560,2098847744,12591104,2,98,137,96,0.0,0.1,0.2,0.0,99.2,0.5,0.0,0.0,0.7,0.0,0.0
2,0.15,0.18,0.12,0,0.0,2145382400,0,2145382400,0,35186,5.0504310131073,0,17593,0,17593,lo,0,interface_name,4981412368,5.0504310131073,98822,4458733307,97827,522679061,eth0,995,interface_name,0,0.0,0.0,0.0,0.4,0.0,98.4,1.2,cpu_number,0.0,1.6,0.0,0.0,1,0.0,0.0,0.0,0.2,0.0,99.6,0.2,cpu_number,0.0,0.4,0.0,0.0,Linux,3.16.0-30-generic,Ubuntu 14.04,rabbitmqserver,64bit,Ubuntu 14.04 64bit,disk_name,5.050236940383911,0,0,sr0,disk_name,5.050236940383911,0,0,sda5,disk_name,5.050236940383911,0,0,sda2,disk_name,5.050236940383911,0,4096,sda1,/,ext4,387604480,mnt_point,6206062592,93.8,5818458112,/dev/sda1,1757728768,341118976,508633088,16.3,1757728768,466751488,326500352,2098847744,12591104,1,98,137,97,0.0,0.0,0.1,0.0,99.2,0.7,0.0,0.0,0.9,0.0,0.0
2,0.14,0.18,0.12,0,0.0,2145382400,0,2145382400,0,35186,5.042316198348999,0,17593,0,17593,lo,0,interface_name,4981519977,5.042316198348999,107609,4458839801,106494,522680176,eth0,1115,interface_name,0,0.0,0.0,0.0,0.0,0.0,99.6,0.4,cpu_number,0.0,0.4,0.0,0.0,1,0.0,0.0,0.0,0.2,0.0,99.0,0.8,cpu_number,0.0,1.0,0.0,0.0,Linux,3.16.0-30-generic,Ubuntu 14.04,rabbitmqserver,64bit,Ubuntu 14.04 64bit,disk_name,5.042401075363159,0,0,sr0,disk_name,5.042401075363159,0,0,sda5,disk_name,5.042401075363159,0,0,sda2,disk_name,5.042401075363159,0,12288,sda1,/,ext4,387604480,mnt_point,6206062592,93.8,5818458112,/dev/sda1,1753509888,345337856,508624896,16.5,1753509888,466751488,330502144,2098847744,12599296,1,98,137,97,0.0,0.0,0.4,0.0,99.1,0.5,0.0,0.0,0.8,0.0,0.0
2,0.13,0.18,0.12,0,0.0,2145382400,0,2145382400,0,35186,5.042873859405518,0,17593,0,17593,lo,0,interface_name,4981620515,5.042873859405518,100538,4458939230,99429,522681285,eth0,1109,interface_name,0,0.0,0.0,0.0,0.4,0.0,99.2,0.4,cpu_number,0.0,0.8,0.0,0.0,1,0.0,0.0,0.0,0.0,0.0,100.0,0.0,cpu_number,0.0,0.0,0.0,0.0,Linux,3.16.0-30-generic,Ubuntu 14.04,rabbitmqserver,64bit,Ubuntu 14.04 64bit,disk_name,5.04286003112793,0,0,sr0,disk_name,5.04286003112793,0,0,sda5,disk_name,5.04286003112793,0,0,sda2,disk_name,5.04286003112793,0,0,sda1,/,ext4,387604480,mnt_point,6206062592,93.8,5818458112,/dev/sda1,1755168768,343678976,508633088,16.4,1755168768,466747392,328945664,2098847744,12599296,1,98,137,97,0.0,0.0,0.0,0.0,99.5,0.5,0.0,0.0,0.5,0.0,0.0
2,0.12,0.17,0.12,0,0.0,2145382400,0,2145382400,0,35186,5.0427000522613525,0,17593,0,17593,lo,0,interface_name,4981755554,5.0427000522613525,135039,4459072832,133602,522682722,eth0,1437,interface_name,0,0.0,0.0,0.0,0.2,0.0,99.4,0.4,cpu_number,0.0,0.6,0.0,0.0,1,0.0,0.0,0.0,0.0,0.0,99.0,1.0,cpu_number,0.0,1.0,0.0,0.0,Linux,3.16.0-30-generic,Ubuntu 14.04,rabbitmqserver,64bit,Ubuntu 14.04 64bit,disk_name,5.042603969573975,0,0,sr0,disk_name,5.042603969573975,0,0,sda5,disk_name,5.042603969573975,0,0,sda2,disk_name,5.042603969573975,0,28672,sda1,/,ext4,387608576,mnt_point,6206062592,93.8,5818454016,/dev/sda1,1756549120,342298624,508624896,16.3,1756549120,466747392,327528448,2098847744,12607488,1,98,137,97,0.0,0.0,0.1,0.0,99.3,0.6,0.0,0.0,0.8,0.0,0.0
2,0.11,0.17,0.12,0,0.0,2145382400,0,2145382400,0,35186,5.042495012283325,0,17593,0,17593,lo,0,interface_name,4981880376,5.042495012283325,124822,4459196591,123759,522683785,eth0,1063,interface_name,0,0.0,0.0,0.0,0.2,0.0,99.0,0.8,cpu_number,0.0,1.0,0.0,0.0,1,0.0,0.0,0.0,0.2,0.0,99.6,0.2,cpu_number,0.0,0.4,0.0,0.0,Linux,3.16.0-30-generic,Ubuntu 14.04,rabbitmqserver,64bit,Ubuntu 14.04 64bit,disk_name,5.04311203956604,0,0,sr0,disk_name,5.04311203956604,0,0,sda5,disk_name,5.04311203956604,0,0,sda2,disk_name,5.04311203956604,0,0,sda1,/,ext4,387608576,mnt_point,6206062592,93.8,5818454016,/dev/sda1,1755217920,343629824,508633088,16.4,1755217920,466747392,328761344,2098847744,12607488,1,98,137,97,0.0,0.0,0.2,0.0,99.4,0.4,0.0,0.0,0.5,0.0,0.0
2,0.1,0.17,0.12,0,0.0,2145382400,0,2145382400,0,35186,5.044125080108643,0,17593,0,17593,lo,0,interface_name,4981999392,5.044125080108643,119016,4459314618,118027,522684774,eth0,989,interface_name,0,0.0,0.0,0.0,0.0,0.0,99.8,0.2,cpu_number,0.0,0.2,0.0,0.0,1,0.0,0.0,0.0,0.2,0.0,99.4,0.4,cpu_number,0.0,0.6,0.0,0.0,Linux,3.16.0-30-generic,Ubuntu 14.04,rabbitmqserver,64bit,Ubuntu 14.04 64bit,disk_name,5.044167995452881,0,0,sr0,disk_name,5.044167995452881,0,0,sda5,disk_name,5.044167995452881,0,0,sda2,disk_name,5.044167995452881,0,8192,sda1,/,ext4,387600384,mnt_point,6206062592,93.8,5818462208,/dev/sda1,1756631040,342216704,508624896,16.3,1756631040,466747392,327495680,2098847744,12615680,1,98,137,97,0.0,0.0,0.1,0.0,99.5,0.4,0.0,0.0,0.6,0.0,0.0
2,0.09,0.16,0.12,0,0.0,2145382400,0,2145382400,0,36316,5.044155836105347,1130,18158,565,18158,lo,565,interface_name,4982115581,5.044155836105347,116189,4459429878,115260,522685703,eth0,929,interface_name,0,0.0,0.0,0.0,0.6,0.0,98.8,0.6,cpu_number,0.0,1.2,0.0,0.0,1,0.0,0.0,0.0,0.2,0.0,98.8,1.0,cpu_number,0.0,1.2,0.0,0.0,Linux,3.16.0-30-generic,Ubuntu 14.04,rabbitmqserver,64bit,Ubuntu 14.04 64bit,disk_name,5.044679880142212,0,0,sr0,disk_name,5.044679880142212,0,0,sda5,disk_name,5.044679880142212,0,0,sda2,disk_name,5.044679880142212,0,16384,sda1,/,ext4,387600384,mnt_point,6206062592,93.8,5818462208,/dev/sda1,1687535616,411312128,508637184,19.6,1687535616,466751488,396328960,2098847744,12615680,1,98,137,97,0.0,0.0,0.6,0.0,98.7,0.7,0.0,0.0,1.2,0.0,0.0
2,0.08,0.16,0.12,0,0.0,2145382400,0,2145382400,0,36316,5.046432971954346,0,18158,0,18158,lo,0,interface_name,4982216915,5.046432971954346,101334,4459529853,99975,522687062,eth0,1359,interface_name,0,0.0,0.0,0.0,0.4,0.0,99.2,0.4,cpu_number,0.0,0.8,0.0,0.0,1,0.0,0.0,0.0,0.0,0.0,99.8,0.2,cpu_number,0.0,0.2,0.0,0.0,Linux,3.16.0-30-generic,Ubuntu 14.04,rabbitmqserver,64bit,Ubuntu 14.04 64bit,disk_name,5.045677185058594,0,0,sr0,disk_name,5.045677185058594,0,0,sda5,disk_name,5.045677185058594,0,0,sda2,disk_name,5.045677185058594,0,12288,sda1,/,ext4,387600384,mnt_point,6206062592,93.8,5818462208,/dev/sda1,1740509184,358338560,508628992,17.1,1740509184,466747392,343474176,2098847744,12623872,1,98,137,97,0.0,0.0,0.1,0.0,99.5,0.4,0.0,0.0,0.5,0.0,0.0
2,0.08,0.16,0.12,0,0.0,2145382400,0,2145382400,0,36316,5.046499013900757,0,18158,0,18158,lo,0,interface_name,4982344792,5.046499013900757,127877,4459656681,126828,522688111,eth0,1049,interface_name,0,0.0,0.0,0.0,0.2,0.0,99.2,0.6,cpu_number,0.0,0.8,0.0,0.0,1,0.0,0.0,0.2,0.2,0.0,99.0,0.6,cpu_number,0.0,1.0,0.0,0.0,Linux,3.16.0-30-generic,Ubuntu 14.04,rabbitmqserver,64bit,Ubuntu 14.04 64bit,disk_name,5.046115875244141,0,0,sr0,disk_name,5.046115875244141,0,0,sda5,disk_name,5.046115875244141,0,0,sda2,disk_name,5.046115875244141,0,0,sda1,/,ext4,387600384,mnt_point,6206062592,93.8,5818462208,/dev/sda1,1749336064,349511680,508637184,16.7,1749336064,466747392,334704640,2098847744,12623872,1,98,137,97,0.0,0.0,0.1,0.0,99.4,0.5,0.0,0.0,0.6,0.0,0.0
2,0.07,0.16,0.12,0,0.0,2145382400,0,2145382400,0,36316,5.0432679653167725,0,18158,0,18158,lo,0,interface_name,4982475983,5.0432679653167725,131191,4459786401,129720,522689582,eth0,1471,interface_name,0,0.0,0.0,0.0,0.2,0.0,99.6,0.2,cpu_number,0.0,0.4,0.0,0.0,1,0.0,0.0,0.0,0.0,0.0,99.2,0.8,cpu_number,0.0,0.8,0.0,0.0,Linux,3.16.0-30-generic,Ubuntu 14.04,rabbitmqserver,64bit,Ubuntu 14.04 64bit,disk_name,5.043461084365845,0,0,sr0,disk_name,5.043461084365845,0,0,sda5,disk_name,5.043461084365845,0,0,sda2,disk_name,5.043461084365845,0,12288,sda1,/,ext4,387600384,mnt_point,6206062592,93.8,5818462208,/dev/sda1,1753178112,345669632,508628992,16.5,1753178112,466747392,330825728,2098847744,12632064,1,98,137,97,0.0,0.0,0.2,0.0,99.3,0.5,0.0,0.0,0.6,0.0,0.0
2,0.06,0.15,0.12,0,0.0,2145382400,0,2145382400,0,36316,5.0460309982299805,0,18158,0,18158,lo,0,interface_name,4982596334,5.0460309982299805,120351,4459904241,117840,522692093,eth0,2511,interface_name,0,0.0,0.0,0.0,0.2,0.0,99.2,0.6,cpu_number,0.0,0.8,0.0,0.0,1,0.0,0.0,0.0,0.0,0.0,100.0,0.0,cpu_number,0.0,0.0,0.0,0.0,Linux,3.16.0-30-generic,Ubuntu 14.04,rabbitmqserver,64bit,Ubuntu 14.04 64bit,disk_name,5.046116828918457,0,0,sr0,disk_name,5.046116828918457,0,0,sda5,disk_name,5.046116828918457,0,0,sda2,disk_name,5.046116828918457,0,28672,sda1,/,ext4,387604480,mnt_point,6206062592,93.8,5818458112,/dev/sda1,1750110208,348737536,508628992,16.6,1750110208,466743296,334041088,2098847744,12640256,1,98,137,97,0.0,0.0,0.0,0.0,99.6,0.4,0.0,0.0,0.6,0.0,0.0
2,0.06,0.15,0.12,0,0.0,2145382400,0,2145382400,0,36316,5.043536186218262,0,18158,0,18158,lo,0,interface_name,4982697514,5.043536186218262,101180,4460004200,99959,522693314,eth0,1221,interface_name,0,0.0,0.0,0.0,0.2,0.0,99.6,0.2,cpu_number,0.0,0.4,0.0,0.0,1,0.0,0.0,0.0,0.0,0.0,99.0,1.0,cpu_number,0.0,1.0,0.0,0.0,Linux,3.16.0-30-generic,Ubuntu 14.04,rabbitmqserver,64bit,Ubuntu 14.04 64bit,disk_name,5.043405055999756,0,0,sr0,disk_name,5.043405055999756,0,0,sda5,disk_name,5.043405055999756,0,0,sda2,disk_name,5.043405055999756,0,12288,sda1,/,ext4,387596288,mnt_point,6206062592,93.8,5818466304,/dev/sda1,1747886080,350961664,508628992,16.7,1747886080,466743296,336097280,2098847744,12648448,2,98,137,96,0.0,0.0,0.0,0.0,99.4,0.6,0.0,0.0,0.6,0.0,0.0
